ANP,ecstasy,joy,serenity,admiration,trust,acceptance,terror,fear,apprehension,amazement,surprise,distraction,grief,sadness,pensiveness,loathing,disgust,boredom,rage,anger,annoyance,vigilance,anticipation,interest
güzel_insanlar,0.0364873893467,0.051383303671,0.0547310840201,0.0364873893467,0.0364873893467,0.0364873893467,0.0364873893467,0.0364873893467,0.0364873893467,0.0364873893467,0.0364873893467,0.0364873893467,0.0364873893467,0.0364873893467,0.0729747786935,0.0364873893467,0.0364873893467,0.0364873893467,0.0364873893467,0.0364873893467,0.0595640405886,0.0364873893467,0.0364873893467,0.0680863954388
Özel_konser,0.0416666666667,0.0416666666667,0.0416666666667,0.0416666666667,0.0416666666667,0.0416666666667,0.0416666666667,0.0416666666667,0.0416666666667,0.0416666666667,0.0416666666667,0.0416666666667,0.0416666666667,0.0416666666667,0.0416666666667,0.0416666666667,0.0416666666667,0.0416666666667,0.0416666666667,0.0416666666667,0.0416666666667,0.0416666666667,0.0416666666667,0.0416666666667
yerli_filmler,0.0416666666667,0.0416666666667,0.0416666666667,0.0416666666667,0.0416666666667,0.0416666666667,0.0416666666667,0.0416666666667,0.0416666666667,0.0416666666667,0.0416666666667,0.0416666666667,0.0416666666667,0.0416666666667,0.0416666666667,0.0416666666667,0.0416666666667,0.0416666666667,0.0416666666667,0.0416666666667,0.0416666666667,0.0416666666667,0.0416666666667,0.0416666666667
özel_yetenek,0.0416666666667,0.0416666666667,0.0416666666667,0.0416666666667,0.0416666666667,0.0416666666667,0.0416666666667,0.0416666666667,0.0416666666667,0.0416666666667,0.0416666666667,0.0416666666667,0.0416666666667,0.0416666666667,0.0416666666667,0.0416666666667,0.0416666666667,0.0416666666667,0.0416666666667,0.0416666666667,0.0416666666667,0.0416666666667,0.0416666666667,0.0416666666667
tarihi_mekanlar,0.0408163265306,0.0408163265306,0.0408163265306,0.0408163265306,0.0408163265306,0.0408163265306,0.0408163265306,0.0408163265306,0.0408163265306,0.0408163265306,0.0408163265306,0.0408163265306,0.0408163265306,0.0408163265306,0.0408163265306,0.0408163265306,0.0408163265306,0.0408163265306,0.0408163265306,0.0408163265306,0.0408163265306,0.0408163265306,0.0408163265306,0.0612244897959
dar_sokak,0.0408163265306,0.0408163265306,0.0408163265306,0.0408163265306,0.0408163265306,0.0408163265306,0.0408163265306,0.0408163265306,0.0408163265306,0.0408163265306,0.0408163265306,0.0408163265306,0.0408163265306,0.0612244897959,0.0408163265306,0.0408163265306,0.0408163265306,0.0408163265306,0.0408163265306,0.0408163265306,0.0408163265306,0.0408163265306,0.0408163265306,0.0408163265306
eski_sokak,0.0379427992697,0.053432882207,0.0569141989046,0.0379427992697,0.0549113349545,0.0379427992697,0.0379427992697,0.0379427992697,0.0379427992697,0.0379427992697,0.0379427992697,0.0379427992697,0.0379427992697,0.0569141989046,0.0379427992697,0.0379427992697,0.0379427992697,0.0379427992697,0.0379427992697,0.0379427992697,0.0379427992697,0.0379427992697,0.0379427992697,0.0569141989046
uzun_yol,0.0377063584979,0.0594761347268,0.0703610228413,0.0377063584979,0.0377063584979,0.0377063584979,0.0377063584979,0.0594761347268,0.0377063584979,0.0377063584979,0.0377063584979,0.0377063584979,0.0377063584979,0.0377063584979,0.0377063584979,0.0377063584979,0.0377063584979,0.0377063584979,0.0377063584979,0.0377063584979,0.0377063584979,0.0377063584979,0.0377063584979,0.0565595377469
eski_izmir,0.0397546021926,0.0397546021926,0.0678653509863,0.0397546021926,0.0397546021926,0.0397546021926,0.0397546021926,0.0397546021926,0.0397546021926,0.0397546021926,0.0397546021926,0.0575334007768,0.0397546021926,0.0397546021926,0.0397546021926,0.0397546021926,0.0397546021926,0.0397546021926,0.0397546021926,0.0397546021926,0.0397546021926,0.0397546021926,0.0397546021926,0.0397546021926
dev_bayrak,0.0409697569485,0.0576955901835,0.0409697569485,0.0409697569485,0.0409697569485,0.0409697569485,0.0409697569485,0.0409697569485,0.0409697569485,0.0409697569485,0.0409697569485,0.0409697569485,0.0409697569485,0.0409697569485,0.0409697569485,0.0409697569485,0.0409697569485,0.0409697569485,0.0409697569485,0.0409697569485,0.0409697569485,0.0409697569485,0.0409697569485,0.0409697569485
küçük_kız,0.0378730062111,0.0533345962516,0.0378730062111,0.0378730062111,0.0378730062111,0.0378730062111,0.0378730062111,0.0378730062111,0.0488060013766,0.0568095093167,0.0378730062111,0.0378730062111,0.0378730062111,0.0568095093167,0.0378730062111,0.0378730062111,0.0378730062111,0.0378730062111,0.0378730062111,0.0378730062111,0.0378730062111,0.0378730062111,0.0378730062111,0.0646532657269
kişiye_özel,0.0416666666667,0.0416666666667,0.0416666666667,0.0416666666667,0.0416666666667,0.0416666666667,0.0416666666667,0.0416666666667,0.0416666666667,0.0416666666667,0.0416666666667,0.0416666666667,0.0416666666667,0.0416666666667,0.0416666666667,0.0416666666667,0.0416666666667,0.0416666666667,0.0416666666667,0.0416666666667,0.0416666666667,0.0416666666667,0.0416666666667,0.0416666666667
Özel_pasta,0.0416666666667,0.0416666666667,0.0416666666667,0.0416666666667,0.0416666666667,0.0416666666667,0.0416666666667,0.0416666666667,0.0416666666667,0.0416666666667,0.0416666666667,0.0416666666667,0.0416666666667,0.0416666666667,0.0416666666667,0.0416666666667,0.0416666666667,0.0416666666667,0.0416666666667,0.0416666666667,0.0416666666667,0.0416666666667,0.0416666666667,0.0416666666667
mutlu_çocuk,0.0344002575099,0.1174847728,0.0587249128697,0.0344002575099,0.049784520357,0.0344002575099,0.0344002575099,0.0344002575099,0.0344002575099,0.0688005150198,0.0344002575099,0.0344002575099,0.0344002575099,0.0344002575099,0.0344002575099,0.0344002575099,0.0344002575099,0.0344002575099,0.0344002575099,0.0344002575099,0.0344002575099,0.0344002575099,0.0344002575099,0.0516003862649
eski_boy,0.0408163265306,0.0408163265306,0.0408163265306,0.0408163265306,0.0408163265306,0.0408163265306,0.0408163265306,0.0408163265306,0.0408163265306,0.0408163265306,0.0408163265306,0.0408163265306,0.0408163265306,0.0408163265306,0.0408163265306,0.0408163265306,0.0408163265306,0.0408163265306,0.0408163265306,0.0408163265306,0.0408163265306,0.0408163265306,0.0408163265306,0.0612244897959
eski_kitap,0.0406878686696,0.0406878686696,0.0406878686696,0.0406878686696,0.0406878686696,0.0406878686696,0.0641790205988,0.0406878686696,0.0406878686696,0.0406878686696,0.0406878686696,0.0406878686696,0.0406878686696,0.0406878686696,0.0406878686696,0.0406878686696,0.0406878686696,0.0406878686696,0.0406878686696,0.0406878686696,0.0406878686696,0.0406878686696,0.0406878686696,0.0406878686696
dünya_bankası,0.0416666666667,0.0416666666667,0.0416666666667,0.0416666666667,0.0416666666667,0.0416666666667,0.0416666666667,0.0416666666667,0.0416666666667,0.0416666666667,0.0416666666667,0.0416666666667,0.0416666666667,0.0416666666667,0.0416666666667,0.0416666666667,0.0416666666667,0.0416666666667,0.0416666666667,0.0416666666667,0.0416666666667,0.0416666666667,0.0416666666667,0.0416666666667
altın_koza,0.0416666666667,0.0416666666667,0.0416666666667,0.0416666666667,0.0416666666667,0.0416666666667,0.0416666666667,0.0416666666667,0.0416666666667,0.0416666666667,0.0416666666667,0.0416666666667,0.0416666666667,0.0416666666667,0.0416666666667,0.0416666666667,0.0416666666667,0.0416666666667,0.0416666666667,0.0416666666667,0.0416666666667,0.0416666666667,0.0416666666667,0.0416666666667
adli_tıp,0.0416666666667,0.0416666666667,0.0416666666667,0.0416666666667,0.0416666666667,0.0416666666667,0.0416666666667,0.0416666666667,0.0416666666667,0.0416666666667,0.0416666666667,0.0416666666667,0.0416666666667,0.0416666666667,0.0416666666667,0.0416666666667,0.0416666666667,0.0416666666667,0.0416666666667,0.0416666666667,0.0416666666667,0.0416666666667,0.0416666666667,0.0416666666667
ilginç_tasarımlar,0.0416666666667,0.0416666666667,0.0416666666667,0.0416666666667,0.0416666666667,0.0416666666667,0.0416666666667,0.0416666666667,0.0416666666667,0.0416666666667,0.0416666666667,0.0416666666667,0.0416666666667,0.0416666666667,0.0416666666667,0.0416666666667,0.0416666666667,0.0416666666667,0.0416666666667,0.0416666666667,0.0416666666667,0.0416666666667,0.0416666666667,0.0416666666667
güzel_izmir,0.040904457111,0.040904457111,0.040904457111,0.040904457111,0.0591974864475,0.040904457111,0.040904457111,0.040904457111,0.040904457111,0.040904457111,0.040904457111,0.040904457111,0.040904457111,0.040904457111,0.040904457111,0.040904457111,0.040904457111,0.040904457111,0.040904457111,0.040904457111,0.040904457111,0.040904457111,0.040904457111,0.040904457111
süper_kupa,0.0416666666667,0.0416666666667,0.0416666666667,0.0416666666667,0.0416666666667,0.0416666666667,0.0416666666667,0.0416666666667,0.0416666666667,0.0416666666667,0.0416666666667,0.0416666666667,0.0416666666667,0.0416666666667,0.0416666666667,0.0416666666667,0.0416666666667,0.0416666666667,0.0416666666667,0.0416666666667,0.0416666666667,0.0416666666667,0.0416666666667,0.0416666666667
kuru_yaprak,0.0398120330774,0.0398120330774,0.0398120330774,0.0398120330774,0.0398120330774,0.0398120330774,0.0398120330774,0.0398120330774,0.0398120330774,0.0398120330774,0.0398120330774,0.0398120330774,0.0398120330774,0.0843232392192,0.0398120330774,0.0398120330774,0.0398120330774,0.0398120330774,0.0398120330774,0.0398120330774,0.0398120330774,0.0398120330774,0.0398120330774,0.0398120330774
korkunç_oyunlar,0.0406878686696,0.0406878686696,0.0406878686696,0.0406878686696,0.0406878686696,0.0406878686696,0.0406878686696,0.0641790205988,0.0406878686696,0.0406878686696,0.0406878686696,0.0406878686696,0.0406878686696,0.0406878686696,0.0406878686696,0.0406878686696,0.0406878686696,0.0406878686696,0.0406878686696,0.0406878686696,0.0406878686696,0.0406878686696,0.0406878686696,0.0406878686696
ilginc_hediyeler,0.0416666666667,0.0416666666667,0.0416666666667,0.0416666666667,0.0416666666667,0.0416666666667,0.0416666666667,0.0416666666667,0.0416666666667,0.0416666666667,0.0416666666667,0.0416666666667,0.0416666666667,0.0416666666667,0.0416666666667,0.0416666666667,0.0416666666667,0.0416666666667,0.0416666666667,0.0416666666667,0.0416666666667,0.0416666666667,0.0416666666667,0.0416666666667
büyük_doğu,0.0398766213043,0.0398766213043,0.0398766213043,0.0398766213043,0.0398766213043,0.0398766213043,0.0628993993487,0.0398766213043,0.0398766213043,0.0598149319565,0.0398766213043,0.0398766213043,0.0398766213043,0.0398766213043,0.0398766213043,0.0398766213043,0.0398766213043,0.0398766213043,0.0398766213043,0.0398766213043,0.0398766213043,0.0398766213043,0.0398766213043,0.0398766213043
iyi_insan,0.037537651762,0.0528623339219,0.037537651762,0.037537651762,0.0543249999731,0.037537651762,0.0592100251115,0.037537651762,0.037537651762,0.037537651762,0.037537651762,0.037537651762,0.037537651762,0.037537651762,0.037537651762,0.037537651762,0.037537651762,0.037537651762,0.037537651762,0.037537651762,0.037537651762,0.056306477643,0.037537651762,0.0640807798727
güzel_sözler,0.0387556709272,0.054577607329,0.0387556709272,0.0387556709272,0.0387556709272,0.0387556709272,0.0387556709272,0.0387556709272,0.0387556709272,0.0387556709272,0.0387556709272,0.0387556709272,0.0560877338685,0.0387556709272,0.0387556709272,0.0387556709272,0.0387556709272,0.0387556709272,0.0387556709272,0.0387556709272,0.0560877338685,0.0581335063907,0.0387556709272,0.0387556709272
yaşlı_teyze,0.039439234217,0.0555402341633,0.0591588513255,0.0570769959549,0.039439234217,0.039439234217,0.039439234217,0.039439234217,0.039439234217,0.039439234217,0.039439234217,0.039439234217,0.039439234217,0.039439234217,0.039439234217,0.039439234217,0.039439234217,0.039439234217,0.039439234217,0.039439234217,0.039439234217,0.039439234217,0.039439234217,0.039439234217
antik_tarih,0.0416666666667,0.0416666666667,0.0416666666667,0.0416666666667,0.0416666666667,0.0416666666667,0.0416666666667,0.0416666666667,0.0416666666667,0.0416666666667,0.0416666666667,0.0416666666667,0.0416666666667,0.0416666666667,0.0416666666667,0.0416666666667,0.0416666666667,0.0416666666667,0.0416666666667,0.0416666666667,0.0416666666667,0.0416666666667,0.0416666666667,0.0416666666667
farklı_oyunlar,0.0406878686696,0.0406878686696,0.0406878686696,0.0406878686696,0.0406878686696,0.0406878686696,0.0406878686696,0.0641790205988,0.0406878686696,0.0406878686696,0.0406878686696,0.0406878686696,0.0406878686696,0.0406878686696,0.0406878686696,0.0406878686696,0.0406878686696,0.0406878686696,0.0406878686696,0.0406878686696,0.0406878686696,0.0406878686696,0.0406878686696,0.0406878686696
sıcak_yaz,0.039422810002,0.039422810002,0.0735639649524,0.039422810002,0.039422810002,0.039422810002,0.039422810002,0.039422810002,0.039422810002,0.039422810002,0.039422810002,0.039422810002,0.039422810002,0.059134215003,0.039422810002,0.039422810002,0.039422810002,0.039422810002,0.039422810002,0.039422810002,0.039422810002,0.039422810002,0.039422810002,0.039422810002
saf_güzellik,0.0409697569485,0.0576955901835,0.0409697569485,0.0409697569485,0.0409697569485,0.0409697569485,0.0409697569485,0.0409697569485,0.0409697569485,0.0409697569485,0.0409697569485,0.0409697569485,0.0409697569485,0.0409697569485,0.0409697569485,0.0409697569485,0.0409697569485,0.0409697569485,0.0409697569485,0.0409697569485,0.0409697569485,0.0409697569485,0.0409697569485,0.0409697569485
tek_aşk,0.0371691524405,0.0371691524405,0.0557537286608,0.0371691524405,0.0371691524405,0.0371691524405,0.0371691524405,0.0371691524405,0.047898962524,0.0371691524405,0.0523433953823,0.0371691524405,0.0371691524405,0.0634517121822,0.0371691524405,0.0371691524405,0.0371691524405,0.0371691524405,0.0371691524405,0.0371691524405,0.0371691524405,0.0371691524405,0.0371691524405,0.074338304881
kuru_yapraklar,0.0408163265306,0.0408163265306,0.0408163265306,0.0408163265306,0.0408163265306,0.0408163265306,0.0408163265306,0.0408163265306,0.0408163265306,0.0408163265306,0.0408163265306,0.0408163265306,0.0408163265306,0.0612244897959,0.0408163265306,0.0408163265306,0.0408163265306,0.0408163265306,0.0408163265306,0.0408163265306,0.0408163265306,0.0408163265306,0.0408163265306,0.0408163265306
iç_mekan,0.0404741845679,0.0404741845679,0.0690937549388,0.0404741845679,0.0404741845679,0.0404741845679,0.0404741845679,0.0404741845679,0.0404741845679,0.0404741845679,0.0404741845679,0.0404741845679,0.0404741845679,0.0404741845679,0.0404741845679,0.0404741845679,0.0404741845679,0.0404741845679,0.0404741845679,0.0404741845679,0.0404741845679,0.0404741845679,0.0404741845679,0.0404741845679
daha_sağlıklı,0.0368946054836,0.0581957158912,0.0368946054836,0.0368946054836,0.0368946054836,0.0368946054836,0.0368946054836,0.0845253363512,0.0475451606874,0.0368946054836,0.0368946054836,0.0533943746565,0.0368946054836,0.0553419082254,0.0368946054836,0.0368946054836,0.0368946054836,0.0368946054836,0.0368946054836,0.0368946054836,0.0368946054836,0.0368946054836,0.0368946054836,0.0368946054836
küçük_canlı,0.0396436120602,0.0881969226145,0.0396436120602,0.0396436120602,0.0396436120602,0.0396436120602,0.0396436120602,0.0396436120602,0.0396436120602,0.0396436120602,0.0396436120602,0.0396436120602,0.0396436120602,0.0396436120602,0.0396436120602,0.0396436120602,0.0396436120602,0.0396436120602,0.0396436120602,0.0396436120602,0.0396436120602,0.0396436120602,0.0396436120602,0.0396436120602
satılık_konut,0.0416666666667,0.0416666666667,0.0416666666667,0.0416666666667,0.0416666666667,0.0416666666667,0.0416666666667,0.0416666666667,0.0416666666667,0.0416666666667,0.0416666666667,0.0416666666667,0.0416666666667,0.0416666666667,0.0416666666667,0.0416666666667,0.0416666666667,0.0416666666667,0.0416666666667,0.0416666666667,0.0416666666667,0.0416666666667,0.0416666666667,0.0416666666667
para_kasası,0.0416666666667,0.0416666666667,0.0416666666667,0.0416666666667,0.0416666666667,0.0416666666667,0.0416666666667,0.0416666666667,0.0416666666667,0.0416666666667,0.0416666666667,0.0416666666667,0.0416666666667,0.0416666666667,0.0416666666667,0.0416666666667,0.0416666666667,0.0416666666667,0.0416666666667,0.0416666666667,0.0416666666667,0.0416666666667,0.0416666666667,0.0416666666667
eski_eminönü,0.0402326057986,0.0566574983368,0.0402326057986,0.0402326057986,0.0582251740941,0.0402326057986,0.0402326057986,0.0402326057986,0.0402326057986,0.0402326057986,0.0402326057986,0.0402326057986,0.0402326057986,0.0402326057986,0.0402326057986,0.0402326057986,0.0402326057986,0.0402326057986,0.0402326057986,0.0402326057986,0.0402326057986,0.0402326057986,0.0402326057986,0.0402326057986
genç_akademi,0.0416666666667,0.0416666666667,0.0416666666667,0.0416666666667,0.0416666666667,0.0416666666667,0.0416666666667,0.0416666666667,0.0416666666667,0.0416666666667,0.0416666666667,0.0416666666667,0.0416666666667,0.0416666666667,0.0416666666667,0.0416666666667,0.0416666666667,0.0416666666667,0.0416666666667,0.0416666666667,0.0416666666667,0.0416666666667,0.0416666666667,0.0416666666667
farklı_ürünler,0.0416666666667,0.0416666666667,0.0416666666667,0.0416666666667,0.0416666666667,0.0416666666667,0.0416666666667,0.0416666666667,0.0416666666667,0.0416666666667,0.0416666666667,0.0416666666667,0.0416666666667,0.0416666666667,0.0416666666667,0.0416666666667,0.0416666666667,0.0416666666667,0.0416666666667,0.0416666666667,0.0416666666667,0.0416666666667,0.0416666666667,0.0416666666667
fındık_bahçesi,0.0416666666667,0.0416666666667,0.0416666666667,0.0416666666667,0.0416666666667,0.0416666666667,0.0416666666667,0.0416666666667,0.0416666666667,0.0416666666667,0.0416666666667,0.0416666666667,0.0416666666667,0.0416666666667,0.0416666666667,0.0416666666667,0.0416666666667,0.0416666666667,0.0416666666667,0.0416666666667,0.0416666666667,0.0416666666667,0.0416666666667,0.0416666666667
son_tatil,0.0400846369544,0.0400846369544,0.0601269554316,0.0400846369544,0.0580110315711,0.0400846369544,0.0400846369544,0.0400846369544,0.0400846369544,0.0400846369544,0.0400846369544,0.0400846369544,0.0400846369544,0.0400846369544,0.0400846369544,0.0400846369544,0.0400846369544,0.0400846369544,0.0400846369544,0.0400846369544,0.0400846369544,0.0400846369544,0.0400846369544,0.0400846369544
komik_köpek,0.0416666666667,0.0416666666667,0.0416666666667,0.0416666666667,0.0416666666667,0.0416666666667,0.0416666666667,0.0416666666667,0.0416666666667,0.0416666666667,0.0416666666667,0.0416666666667,0.0416666666667,0.0416666666667,0.0416666666667,0.0416666666667,0.0416666666667,0.0416666666667,0.0416666666667,0.0416666666667,0.0416666666667,0.0416666666667,0.0416666666667,0.0416666666667
eski_kartpostal,0.040904457111,0.040904457111,0.040904457111,0.0591974864475,0.040904457111,0.040904457111,0.040904457111,0.040904457111,0.040904457111,0.040904457111,0.040904457111,0.040904457111,0.040904457111,0.040904457111,0.040904457111,0.040904457111,0.040904457111,0.040904457111,0.040904457111,0.040904457111,0.040904457111,0.040904457111,0.040904457111,0.040904457111
İlginç_ürünler,0.0416666666667,0.0416666666667,0.0416666666667,0.0416666666667,0.0416666666667,0.0416666666667,0.0416666666667,0.0416666666667,0.0416666666667,0.0416666666667,0.0416666666667,0.0416666666667,0.0416666666667,0.0416666666667,0.0416666666667,0.0416666666667,0.0416666666667,0.0416666666667,0.0416666666667,0.0416666666667,0.0416666666667,0.0416666666667,0.0416666666667,0.0416666666667
boş_bank,0.0408163265306,0.0408163265306,0.0612244897959,0.0408163265306,0.0408163265306,0.0408163265306,0.0408163265306,0.0408163265306,0.0408163265306,0.0408163265306,0.0408163265306,0.0408163265306,0.0408163265306,0.0408163265306,0.0408163265306,0.0408163265306,0.0408163265306,0.0408163265306,0.0408163265306,0.0408163265306,0.0408163265306,0.0408163265306,0.0408163265306,0.0408163265306
özel_konser,0.0416666666667,0.0416666666667,0.0416666666667,0.0416666666667,0.0416666666667,0.0416666666667,0.0416666666667,0.0416666666667,0.0416666666667,0.0416666666667,0.0416666666667,0.0416666666667,0.0416666666667,0.0416666666667,0.0416666666667,0.0416666666667,0.0416666666667,0.0416666666667,0.0416666666667,0.0416666666667,0.0416666666667,0.0416666666667,0.0416666666667,0.0416666666667
genç_kadın,0.038234600846,0.038234600846,0.0652705463801,0.038234600846,0.038234600846,0.038234600846,0.038234600846,0.038234600846,0.038234600846,0.038234600846,0.038234600846,0.0553336341628,0.038234600846,0.038234600846,0.0764692016919,0.038234600846,0.038234600846,0.038234600846,0.038234600846,0.038234600846,0.038234600846,0.038234600846,0.038234600846,0.038234600846
yabancı_dil,0.0416666666667,0.0416666666667,0.0416666666667,0.0416666666667,0.0416666666667,0.0416666666667,0.0416666666667,0.0416666666667,0.0416666666667,0.0416666666667,0.0416666666667,0.0416666666667,0.0416666666667,0.0416666666667,0.0416666666667,0.0416666666667,0.0416666666667,0.0416666666667,0.0416666666667,0.0416666666667,0.0416666666667,0.0416666666667,0.0416666666667,0.0416666666667
tarihi_yapılar,0.0416666666667,0.0416666666667,0.0416666666667,0.0416666666667,0.0416666666667,0.0416666666667,0.0416666666667,0.0416666666667,0.0416666666667,0.0416666666667,0.0416666666667,0.0416666666667,0.0416666666667,0.0416666666667,0.0416666666667,0.0416666666667,0.0416666666667,0.0416666666667,0.0416666666667,0.0416666666667,0.0416666666667,0.0416666666667,0.0416666666667,0.0416666666667
son_yolculuk,0.0388626146262,0.0388626146262,0.0388626146262,0.0388626146262,0.0562425042438,0.0388626146262,0.0388626146262,0.0612999556421,0.0388626146262,0.0388626146262,0.0388626146262,0.0388626146262,0.0388626146262,0.0663426329631,0.0388626146262,0.0388626146262,0.0388626146262,0.0388626146262,0.0388626146262,0.0388626146262,0.0388626146262,0.0388626146262,0.0388626146262,0.0388626146262
lezzetli_pasta,0.0416666666667,0.0416666666667,0.0416666666667,0.0416666666667,0.0416666666667,0.0416666666667,0.0416666666667,0.0416666666667,0.0416666666667,0.0416666666667,0.0416666666667,0.0416666666667,0.0416666666667,0.0416666666667,0.0416666666667,0.0416666666667,0.0416666666667,0.0416666666667,0.0416666666667,0.0416666666667,0.0416666666667,0.0416666666667,0.0416666666667,0.0416666666667
mutlu_çocuklar,0.0386696338539,0.073970018441,0.0386696338539,0.0386696338539,0.0559632198464,0.0386696338539,0.0386696338539,0.0386696338539,0.0386696338539,0.0386696338539,0.0386696338539,0.0386696338539,0.0386696338539,0.0386696338539,0.0386696338539,0.0386696338539,0.0386696338539,0.0386696338539,0.0386696338539,0.0386696338539,0.0386696338539,0.0386696338539,0.0386696338539,0.0580044507808
komik_oyunlar,0.0416666666667,0.0416666666667,0.0416666666667,0.0416666666667,0.0416666666667,0.0416666666667,0.0416666666667,0.0416666666667,0.0416666666667,0.0416666666667,0.0416666666667,0.0416666666667,0.0416666666667,0.0416666666667,0.0416666666667,0.0416666666667,0.0416666666667,0.0416666666667,0.0416666666667,0.0416666666667,0.0416666666667,0.0416666666667,0.0416666666667,0.0416666666667
rahat_hayat,0.0396671044547,0.0396671044547,0.0396671044547,0.0396671044547,0.0396671044547,0.0396671044547,0.0396671044547,0.0396671044547,0.0396671044547,0.0396671044547,0.0396671044547,0.0396671044547,0.0396671044547,0.0396671044547,0.0396671044547,0.0396671044547,0.0396671044547,0.0625689178896,0.0396671044547,0.0396671044547,0.0647547841068,0.0396671044547,0.0396671044547,0.0396671044547
sosyal_devlet,0.0406878686696,0.0406878686696,0.0406878686696,0.0406878686696,0.0406878686696,0.0406878686696,0.0641790205988,0.0406878686696,0.0406878686696,0.0406878686696,0.0406878686696,0.0406878686696,0.0406878686696,0.0406878686696,0.0406878686696,0.0406878686696,0.0406878686696,0.0406878686696,0.0406878686696,0.0406878686696,0.0406878686696,0.0406878686696,0.0406878686696,0.0406878686696
eski_tren,0.0404741845679,0.0404741845679,0.0404741845679,0.0404741845679,0.0404741845679,0.0404741845679,0.0404741845679,0.0404741845679,0.0404741845679,0.0404741845679,0.0404741845679,0.0404741845679,0.0404741845679,0.0690937549388,0.0404741845679,0.0404741845679,0.0404741845679,0.0404741845679,0.0404741845679,0.0404741845679,0.0404741845679,0.0404741845679,0.0404741845679,0.0404741845679
altın_nokta,0.0416666666667,0.0416666666667,0.0416666666667,0.0416666666667,0.0416666666667,0.0416666666667,0.0416666666667,0.0416666666667,0.0416666666667,0.0416666666667,0.0416666666667,0.0416666666667,0.0416666666667,0.0416666666667,0.0416666666667,0.0416666666667,0.0416666666667,0.0416666666667,0.0416666666667,0.0416666666667,0.0416666666667,0.0416666666667,0.0416666666667,0.0416666666667
ulu_park,0.0409697569485,0.0409697569485,0.0409697569485,0.0409697569485,0.0409697569485,0.0409697569485,0.0409697569485,0.0409697569485,0.0409697569485,0.0409697569485,0.0576955901835,0.0409697569485,0.0409697569485,0.0409697569485,0.0409697569485,0.0409697569485,0.0409697569485,0.0409697569485,0.0409697569485,0.0409697569485,0.0409697569485,0.0409697569485,0.0409697569485,0.0409697569485
doğal_saçlar,0.0416666666667,0.0416666666667,0.0416666666667,0.0416666666667,0.0416666666667,0.0416666666667,0.0416666666667,0.0416666666667,0.0416666666667,0.0416666666667,0.0416666666667,0.0416666666667,0.0416666666667,0.0416666666667,0.0416666666667,0.0416666666667,0.0416666666667,0.0416666666667,0.0416666666667,0.0416666666667,0.0416666666667,0.0416666666667,0.0416666666667,0.0416666666667
İlginç_hediyeler,0.0416666666667,0.0416666666667,0.0416666666667,0.0416666666667,0.0416666666667,0.0416666666667,0.0416666666667,0.0416666666667,0.0416666666667,0.0416666666667,0.0416666666667,0.0416666666667,0.0416666666667,0.0416666666667,0.0416666666667,0.0416666666667,0.0416666666667,0.0416666666667,0.0416666666667,0.0416666666667,0.0416666666667,0.0416666666667,0.0416666666667,0.0416666666667
iç_mimari,0.0416666666667,0.0416666666667,0.0416666666667,0.0416666666667,0.0416666666667,0.0416666666667,0.0416666666667,0.0416666666667,0.0416666666667,0.0416666666667,0.0416666666667,0.0416666666667,0.0416666666667,0.0416666666667,0.0416666666667,0.0416666666667,0.0416666666667,0.0416666666667,0.0416666666667,0.0416666666667,0.0416666666667,0.0416666666667,0.0416666666667,0.0416666666667
antik_kitap,0.0416666666667,0.0416666666667,0.0416666666667,0.0416666666667,0.0416666666667,0.0416666666667,0.0416666666667,0.0416666666667,0.0416666666667,0.0416666666667,0.0416666666667,0.0416666666667,0.0416666666667,0.0416666666667,0.0416666666667,0.0416666666667,0.0416666666667,0.0416666666667,0.0416666666667,0.0416666666667,0.0416666666667,0.0416666666667,0.0416666666667,0.0416666666667
güzel_mekan,0.040169632839,0.040169632839,0.040169632839,0.040169632839,0.0581340387709,0.040169632839,0.040169632839,0.040169632839,0.040169632839,0.040169632839,0.040169632839,0.040169632839,0.040169632839,0.040169632839,0.040169632839,0.040169632839,0.040169632839,0.040169632839,0.040169632839,0.040169632839,0.0581340387709,0.040169632839,0.040169632839,0.040169632839
eski_para,0.0402326057986,0.0566574983368,0.0402326057986,0.0402326057986,0.0582251740941,0.0402326057986,0.0402326057986,0.0402326057986,0.0402326057986,0.0402326057986,0.0402326057986,0.0402326057986,0.0402326057986,0.0402326057986,0.0402326057986,0.0402326057986,0.0402326057986,0.0402326057986,0.0402326057986,0.0402326057986,0.0402326057986,0.0402326057986,0.0402326057986,0.0402326057986
kültür_merkezi,0.038739810995,0.038739810995,0.0581097164924,0.038739810995,0.038739810995,0.038739810995,0.038739810995,0.038739810995,0.038739810995,0.038739810995,0.038739810995,0.056064781159,0.038739810995,0.038739810995,0.038739810995,0.038739810995,0.038739810995,0.038739810995,0.038739810995,0.038739810995,0.038739810995,0.038739810995,0.038739810995,0.0722894714544
güzel_manzara,0.0392970332979,0.0392970332979,0.0589455499468,0.0392970332979,0.0392970332979,0.0392970332979,0.0392970332979,0.0392970332979,0.0392970332979,0.0392970332979,0.0392970332979,0.0392970332979,0.0392970332979,0.0589455499468,0.0392970332979,0.0392970332979,0.0392970332979,0.0392970332979,0.0392970332979,0.0392970332979,0.0568712008515,0.0392970332979,0.0392970332979,0.0392970332979
değişik_hediye,0.0416666666667,0.0416666666667,0.0416666666667,0.0416666666667,0.0416666666667,0.0416666666667,0.0416666666667,0.0416666666667,0.0416666666667,0.0416666666667,0.0416666666667,0.0416666666667,0.0416666666667,0.0416666666667,0.0416666666667,0.0416666666667,0.0416666666667,0.0416666666667,0.0416666666667,0.0416666666667,0.0416666666667,0.0416666666667,0.0416666666667,0.0416666666667
çılgın_insan,0.0400846369544,0.0400846369544,0.0400846369544,0.0400846369544,0.0400846369544,0.0400846369544,0.0400846369544,0.0400846369544,0.0400846369544,0.0400846369544,0.0400846369544,0.0400846369544,0.0400846369544,0.0400846369544,0.0400846369544,0.0400846369544,0.0400846369544,0.0400846369544,0.0400846369544,0.0400846369544,0.0580110315711,0.0400846369544,0.0400846369544,0.0601269554316
bilge_kral,0.0398766213043,0.0398766213043,0.0598149319565,0.0398766213043,0.0398766213043,0.0398766213043,0.0398766213043,0.0398766213043,0.0398766213043,0.0398766213043,0.0398766213043,0.0398766213043,0.0398766213043,0.0398766213043,0.0628993993487,0.0398766213043,0.0398766213043,0.0398766213043,0.0398766213043,0.0398766213043,0.0398766213043,0.0398766213043,0.0398766213043,0.0398766213043
dar_kita,0.0416666666667,0.0416666666667,0.0416666666667,0.0416666666667,0.0416666666667,0.0416666666667,0.0416666666667,0.0416666666667,0.0416666666667,0.0416666666667,0.0416666666667,0.0416666666667,0.0416666666667,0.0416666666667,0.0416666666667,0.0416666666667,0.0416666666667,0.0416666666667,0.0416666666667,0.0416666666667,0.0416666666667,0.0416666666667,0.0416666666667,0.0416666666667
değişik_kurabiye,0.0416666666667,0.0416666666667,0.0416666666667,0.0416666666667,0.0416666666667,0.0416666666667,0.0416666666667,0.0416666666667,0.0416666666667,0.0416666666667,0.0416666666667,0.0416666666667,0.0416666666667,0.0416666666667,0.0416666666667,0.0416666666667,0.0416666666667,0.0416666666667,0.0416666666667,0.0416666666667,0.0416666666667,0.0416666666667,0.0416666666667,0.0416666666667
sanat_ana,0.0416666666667,0.0416666666667,0.0416666666667,0.0416666666667,0.0416666666667,0.0416666666667,0.0416666666667,0.0416666666667,0.0416666666667,0.0416666666667,0.0416666666667,0.0416666666667,0.0416666666667,0.0416666666667,0.0416666666667,0.0416666666667,0.0416666666667,0.0416666666667,0.0416666666667,0.0416666666667,0.0416666666667,0.0416666666667,0.0416666666667,0.0416666666667
doğal_enerji,0.0416666666667,0.0416666666667,0.0416666666667,0.0416666666667,0.0416666666667,0.0416666666667,0.0416666666667,0.0416666666667,0.0416666666667,0.0416666666667,0.0416666666667,0.0416666666667,0.0416666666667,0.0416666666667,0.0416666666667,0.0416666666667,0.0416666666667,0.0416666666667,0.0416666666667,0.0416666666667,0.0416666666667,0.0416666666667,0.0416666666667,0.0416666666667
kutsal_taş,0.0416666666667,0.0416666666667,0.0416666666667,0.0416666666667,0.0416666666667,0.0416666666667,0.0416666666667,0.0416666666667,0.0416666666667,0.0416666666667,0.0416666666667,0.0416666666667,0.0416666666667,0.0416666666667,0.0416666666667,0.0416666666667,0.0416666666667,0.0416666666667,0.0416666666667,0.0416666666667,0.0416666666667,0.0416666666667,0.0416666666667,0.0416666666667
renkli_sokak,0.0390928527755,0.0813179597754,0.0586392791633,0.0390928527755,0.0390928527755,0.0390928527755,0.0390928527755,0.0390928527755,0.0390928527755,0.0390928527755,0.0390928527755,0.0390928527755,0.0390928527755,0.0390928527755,0.0390928527755,0.0390928527755,0.0390928527755,0.0390928527755,0.0390928527755,0.0390928527755,0.0390928527755,0.0390928527755,0.0390928527755,0.0390928527755
ilk_kitap,0.0406878686696,0.0406878686696,0.0406878686696,0.0406878686696,0.0406878686696,0.0406878686696,0.0641790205988,0.0406878686696,0.0406878686696,0.0406878686696,0.0406878686696,0.0406878686696,0.0406878686696,0.0406878686696,0.0406878686696,0.0406878686696,0.0406878686696,0.0406878686696,0.0406878686696,0.0406878686696,0.0406878686696,0.0406878686696,0.0406878686696,0.0406878686696
tarihi_bina,0.0395215122896,0.0556561021184,0.0395215122896,0.0571960699002,0.0571960699002,0.0395215122896,0.0395215122896,0.0395215122896,0.0395215122896,0.0395215122896,0.0395215122896,0.0395215122896,0.0395215122896,0.0395215122896,0.0395215122896,0.0395215122896,0.0395215122896,0.0395215122896,0.0395215122896,0.0395215122896,0.0395215122896,0.0395215122896,0.0395215122896,0.0395215122896
modern_centre,0.0748412312203,0.0336403657708,0.0336403657708,0.0336403657708,0.0336403657708,0.0992175111413,0.0530626400042,0.0850268732877,0.0336403657708,0.0336403657708,0.0336403657708,0.0336403657708,0.0486847947011,0.0336403657708,0.0336403657708,0.0336403657708,0.0336403657708,0.0336403657708,0.0336403657708,0.0336403657708,0.0336403657708,0.0336403657708,0.0336403657708,0.0336403657708
yalan_dünya,0.0416666666667,0.0416666666667,0.0416666666667,0.0416666666667,0.0416666666667,0.0416666666667,0.0416666666667,0.0416666666667,0.0416666666667,0.0416666666667,0.0416666666667,0.0416666666667,0.0416666666667,0.0416666666667,0.0416666666667,0.0416666666667,0.0416666666667,0.0416666666667,0.0416666666667,0.0416666666667,0.0416666666667,0.0416666666667,0.0416666666667,0.0416666666667
doğal_park,0.04,0.04,0.08,0.04,0.04,0.04,0.04,0.04,0.04,0.04,0.04,0.04,0.04,0.04,0.04,0.04,0.04,0.04,0.04,0.04,0.04,0.04,0.04,0.04
hayat_dolu,0.0387830543822,0.0611744612697,0.066206815131,0.0387830543822,0.0387830543822,0.0387830543822,0.0387830543822,0.0387830543822,0.0387830543822,0.0387830543822,0.0387830543822,0.0387830543822,0.0387830543822,0.0581745815733,0.0387830543822,0.0387830543822,0.0387830543822,0.0387830543822,0.0387830543822,0.0387830543822,0.0387830543822,0.0387830543822,0.0387830543822,0.0387830543822
eski_İstanbul,0.0390970913514,0.0390970913514,0.0390970913514,0.0390970913514,0.0390970913514,0.0390970913514,0.0616698075676,0.0390970913514,0.0390970913514,0.058645637027,0.0390970913514,0.0390970913514,0.0390970913514,0.0390970913514,0.0390970913514,0.0390970913514,0.0390970913514,0.0390970913514,0.0390970913514,0.0390970913514,0.0390970913514,0.0390970913514,0.0390970913514,0.058645637027
sağlıklı_yemek,0.0416666666667,0.0416666666667,0.0416666666667,0.0416666666667,0.0416666666667,0.0416666666667,0.0416666666667,0.0416666666667,0.0416666666667,0.0416666666667,0.0416666666667,0.0416666666667,0.0416666666667,0.0416666666667,0.0416666666667,0.0416666666667,0.0416666666667,0.0416666666667,0.0416666666667,0.0416666666667,0.0416666666667,0.0416666666667,0.0416666666667,0.0416666666667
eski_kule,0.0416666666667,0.0416666666667,0.0416666666667,0.0416666666667,0.0416666666667,0.0416666666667,0.0416666666667,0.0416666666667,0.0416666666667,0.0416666666667,0.0416666666667,0.0416666666667,0.0416666666667,0.0416666666667,0.0416666666667,0.0416666666667,0.0416666666667,0.0416666666667,0.0416666666667,0.0416666666667,0.0416666666667,0.0416666666667,0.0416666666667,0.0416666666667
gotik_mimari,0.0416666666667,0.0416666666667,0.0416666666667,0.0416666666667,0.0416666666667,0.0416666666667,0.0416666666667,0.0416666666667,0.0416666666667,0.0416666666667,0.0416666666667,0.0416666666667,0.0416666666667,0.0416666666667,0.0416666666667,0.0416666666667,0.0416666666667,0.0416666666667,0.0416666666667,0.0416666666667,0.0416666666667,0.0416666666667,0.0416666666667,0.0416666666667
biraz_huzur,0.0379649280816,0.0534640450685,0.0844622790423,0.0379649280816,0.0379649280816,0.0379649280816,0.0379649280816,0.0379649280816,0.0379649280816,0.0379649280816,0.0379649280816,0.0379649280816,0.0379649280816,0.0648101861754,0.0379649280816,0.0379649280816,0.0379649280816,0.0379649280816,0.0379649280816,0.0379649280816,0.0379649280816,0.0379649280816,0.0379649280816,0.0379649280816
eski_evler,0.0416666666667,0.0416666666667,0.0416666666667,0.0416666666667,0.0416666666667,0.0416666666667,0.0416666666667,0.0416666666667,0.0416666666667,0.0416666666667,0.0416666666667,0.0416666666667,0.0416666666667,0.0416666666667,0.0416666666667,0.0416666666667,0.0416666666667,0.0416666666667,0.0416666666667,0.0416666666667,0.0416666666667,0.0416666666667,0.0416666666667,0.0416666666667
kutsal_kitap,0.0416666666667,0.0416666666667,0.0416666666667,0.0416666666667,0.0416666666667,0.0416666666667,0.0416666666667,0.0416666666667,0.0416666666667,0.0416666666667,0.0416666666667,0.0416666666667,0.0416666666667,0.0416666666667,0.0416666666667,0.0416666666667,0.0416666666667,0.0416666666667,0.0416666666667,0.0416666666667,0.0416666666667,0.0416666666667,0.0416666666667,0.0416666666667
sıcak_satış,0.0408163265306,0.0408163265306,0.0408163265306,0.0408163265306,0.0408163265306,0.0408163265306,0.0408163265306,0.0408163265306,0.0408163265306,0.0408163265306,0.0408163265306,0.0408163265306,0.0408163265306,0.0408163265306,0.0408163265306,0.0408163265306,0.0408163265306,0.0408163265306,0.0408163265306,0.0408163265306,0.0408163265306,0.0408163265306,0.0408163265306,0.0612244897959
eski_tuğla,0.0408163265306,0.0408163265306,0.0408163265306,0.0408163265306,0.0408163265306,0.0408163265306,0.0408163265306,0.0408163265306,0.0408163265306,0.0408163265306,0.0408163265306,0.0408163265306,0.0408163265306,0.0408163265306,0.0408163265306,0.0408163265306,0.0408163265306,0.0408163265306,0.0408163265306,0.0408163265306,0.0408163265306,0.0408163265306,0.0408163265306,0.0612244897959
bilgilendirme_toplantısı,0.0416666666667,0.0416666666667,0.0416666666667,0.0416666666667,0.0416666666667,0.0416666666667,0.0416666666667,0.0416666666667,0.0416666666667,0.0416666666667,0.0416666666667,0.0416666666667,0.0416666666667,0.0416666666667,0.0416666666667,0.0416666666667,0.0416666666667,0.0416666666667,0.0416666666667,0.0416666666667,0.0416666666667,0.0416666666667,0.0416666666667,0.0416666666667
ilk_fotoğraf,0.0373519633854,0.0373519633854,0.0637637899859,0.05405626923,0.0373519633854,0.0373519633854,0.0373519633854,0.0373519633854,0.0373519633854,0.0560279450782,0.0373519633854,0.0373519633854,0.0373519633854,0.0373519633854,0.0373519633854,0.0373519633854,0.0373519633854,0.0373519633854,0.0373519633854,0.0373519633854,0.0373519633854,0.0373519633854,0.0373519633854,0.0791127279969
otomatik_kapı,0.0416666666667,0.0416666666667,0.0416666666667,0.0416666666667,0.0416666666667,0.0416666666667,0.0416666666667,0.0416666666667,0.0416666666667,0.0416666666667,0.0416666666667,0.0416666666667,0.0416666666667,0.0416666666667,0.0416666666667,0.0416666666667,0.0416666666667,0.0416666666667,0.0416666666667,0.0416666666667,0.0416666666667,0.0416666666667,0.0416666666667,0.0416666666667
doğal_ürünler,0.0416666666667,0.0416666666667,0.0416666666667,0.0416666666667,0.0416666666667,0.0416666666667,0.0416666666667,0.0416666666667,0.0416666666667,0.0416666666667,0.0416666666667,0.0416666666667,0.0416666666667,0.0416666666667,0.0416666666667,0.0416666666667,0.0416666666667,0.0416666666667,0.0416666666667,0.0416666666667,0.0416666666667,0.0416666666667,0.0416666666667,0.0416666666667
muhteşem_yaratıklar,0.0416666666667,0.0416666666667,0.0416666666667,0.0416666666667,0.0416666666667,0.0416666666667,0.0416666666667,0.0416666666667,0.0416666666667,0.0416666666667,0.0416666666667,0.0416666666667,0.0416666666667,0.0416666666667,0.0416666666667,0.0416666666667,0.0416666666667,0.0416666666667,0.0416666666667,0.0416666666667,0.0416666666667,0.0416666666667,0.0416666666667,0.0416666666667
canlı_izle,0.0406878686696,0.0641790205988,0.0406878686696,0.0406878686696,0.0406878686696,0.0406878686696,0.0406878686696,0.0406878686696,0.0406878686696,0.0406878686696,0.0406878686696,0.0406878686696,0.0406878686696,0.0406878686696,0.0406878686696,0.0406878686696,0.0406878686696,0.0406878686696,0.0406878686696,0.0406878686696,0.0406878686696,0.0406878686696,0.0406878686696,0.0406878686696
tarihi_kapı,0.04,0.04,0.04,0.04,0.04,0.04,0.04,0.04,0.04,0.06,0.04,0.04,0.04,0.04,0.04,0.04,0.04,0.04,0.04,0.04,0.04,0.04,0.04,0.06
özel_hediyeler,0.0416666666667,0.0416666666667,0.0416666666667,0.0416666666667,0.0416666666667,0.0416666666667,0.0416666666667,0.0416666666667,0.0416666666667,0.0416666666667,0.0416666666667,0.0416666666667,0.0416666666667,0.0416666666667,0.0416666666667,0.0416666666667,0.0416666666667,0.0416666666667,0.0416666666667,0.0416666666667,0.0416666666667,0.0416666666667,0.0416666666667,0.0416666666667
ilginç_ürünler,0.0416666666667,0.0416666666667,0.0416666666667,0.0416666666667,0.0416666666667,0.0416666666667,0.0416666666667,0.0416666666667,0.0416666666667,0.0416666666667,0.0416666666667,0.0416666666667,0.0416666666667,0.0416666666667,0.0416666666667,0.0416666666667,0.0416666666667,0.0416666666667,0.0416666666667,0.0416666666667,0.0416666666667,0.0416666666667,0.0416666666667,0.0416666666667
eski_arabalar,0.0416666666667,0.0416666666667,0.0416666666667,0.0416666666667,0.0416666666667,0.0416666666667,0.0416666666667,0.0416666666667,0.0416666666667,0.0416666666667,0.0416666666667,0.0416666666667,0.0416666666667,0.0416666666667,0.0416666666667,0.0416666666667,0.0416666666667,0.0416666666667,0.0416666666667,0.0416666666667,0.0416666666667,0.0416666666667,0.0416666666667,0.0416666666667
tarihi_doku,0.040904457111,0.040904457111,0.040904457111,0.0591974864475,0.040904457111,0.040904457111,0.040904457111,0.040904457111,0.040904457111,0.040904457111,0.040904457111,0.040904457111,0.040904457111,0.040904457111,0.040904457111,0.040904457111,0.040904457111,0.040904457111,0.040904457111,0.040904457111,0.040904457111,0.040904457111,0.040904457111,0.040904457111
yasli_kadin,0.0406878686696,0.0406878686696,0.0406878686696,0.0406878686696,0.0406878686696,0.0406878686696,0.0641790205988,0.0406878686696,0.0406878686696,0.0406878686696,0.0406878686696,0.0406878686696,0.0406878686696,0.0406878686696,0.0406878686696,0.0406878686696,0.0406878686696,0.0406878686696,0.0406878686696,0.0406878686696,0.0406878686696,0.0406878686696,0.0406878686696,0.0406878686696
eski_camii,0.0379342132735,0.0379342132735,0.0647577527181,0.054898909184,0.0379342132735,0.0379342132735,0.0379342132735,0.0379342132735,0.0379342132735,0.0379342132735,0.0379342132735,0.0379342132735,0.0379342132735,0.0647577527181,0.0379342132735,0.0379342132735,0.0379342132735,0.0379342132735,0.0379342132735,0.0379342132735,0.0379342132735,0.0379342132735,0.0379342132735,0.0569013199102
eski_kilise,0.0392970332979,0.0392970332979,0.0392970332979,0.0392970332979,0.0568712008515,0.0392970332979,0.0392970332979,0.0392970332979,0.0392970332979,0.0589455499468,0.0392970332979,0.0392970332979,0.0392970332979,0.0392970332979,0.0392970332979,0.0392970332979,0.0392970332979,0.0392970332979,0.0392970332979,0.0392970332979,0.0392970332979,0.0392970332979,0.0392970332979,0.0589455499468
oturan_adam,0.0416666666667,0.0416666666667,0.0416666666667,0.0416666666667,0.0416666666667,0.0416666666667,0.0416666666667,0.0416666666667,0.0416666666667,0.0416666666667,0.0416666666667,0.0416666666667,0.0416666666667,0.0416666666667,0.0416666666667,0.0416666666667,0.0416666666667,0.0416666666667,0.0416666666667,0.0416666666667,0.0416666666667,0.0416666666667,0.0416666666667,0.0416666666667
dış_mekan,0.040904457111,0.040904457111,0.040904457111,0.040904457111,0.0591974864475,0.040904457111,0.040904457111,0.040904457111,0.040904457111,0.040904457111,0.040904457111,0.040904457111,0.040904457111,0.040904457111,0.040904457111,0.040904457111,0.040904457111,0.040904457111,0.040904457111,0.040904457111,0.040904457111,0.040904457111,0.040904457111,0.040904457111
farklı_hediye,0.0416666666667,0.0416666666667,0.0416666666667,0.0416666666667,0.0416666666667,0.0416666666667,0.0416666666667,0.0416666666667,0.0416666666667,0.0416666666667,0.0416666666667,0.0416666666667,0.0416666666667,0.0416666666667,0.0416666666667,0.0416666666667,0.0416666666667,0.0416666666667,0.0416666666667,0.0416666666667,0.0416666666667,0.0416666666667,0.0416666666667,0.0416666666667
genç_kızlar,0.0416666666667,0.0416666666667,0.0416666666667,0.0416666666667,0.0416666666667,0.0416666666667,0.0416666666667,0.0416666666667,0.0416666666667,0.0416666666667,0.0416666666667,0.0416666666667,0.0416666666667,0.0416666666667,0.0416666666667,0.0416666666667,0.0416666666667,0.0416666666667,0.0416666666667,0.0416666666667,0.0416666666667,0.0416666666667,0.0416666666667,0.0416666666667
eski_defter,0.0416666666667,0.0416666666667,0.0416666666667,0.0416666666667,0.0416666666667,0.0416666666667,0.0416666666667,0.0416666666667,0.0416666666667,0.0416666666667,0.0416666666667,0.0416666666667,0.0416666666667,0.0416666666667,0.0416666666667,0.0416666666667,0.0416666666667,0.0416666666667,0.0416666666667,0.0416666666667,0.0416666666667,0.0416666666667,0.0416666666667,0.0416666666667
yabancı_dizi,0.0416666666667,0.0416666666667,0.0416666666667,0.0416666666667,0.0416666666667,0.0416666666667,0.0416666666667,0.0416666666667,0.0416666666667,0.0416666666667,0.0416666666667,0.0416666666667,0.0416666666667,0.0416666666667,0.0416666666667,0.0416666666667,0.0416666666667,0.0416666666667,0.0416666666667,0.0416666666667,0.0416666666667,0.0416666666667,0.0416666666667,0.0416666666667
doğal_çanta,0.0416666666667,0.0416666666667,0.0416666666667,0.0416666666667,0.0416666666667,0.0416666666667,0.0416666666667,0.0416666666667,0.0416666666667,0.0416666666667,0.0416666666667,0.0416666666667,0.0416666666667,0.0416666666667,0.0416666666667,0.0416666666667,0.0416666666667,0.0416666666667,0.0416666666667,0.0416666666667,0.0416666666667,0.0416666666667,0.0416666666667,0.0416666666667
özel_hediye,0.0363762618472,0.0512268085599,0.0363762618472,0.0363762618472,0.0363762618472,0.0363762618472,0.0363762618472,0.0363762618472,0.0363762618472,0.0363762618472,0.148495430801,0.0363762618472,0.0363762618472,0.0363762618472,0.0363762618472,0.0363762618472,0.0363762618472,0.0363762618472,0.0363762618472,0.0363762618472,0.0363762618472,0.0363762618472,0.0363762618472,0.0363762618472
kolay_diyet,0.0416666666667,0.0416666666667,0.0416666666667,0.0416666666667,0.0416666666667,0.0416666666667,0.0416666666667,0.0416666666667,0.0416666666667,0.0416666666667,0.0416666666667,0.0416666666667,0.0416666666667,0.0416666666667,0.0416666666667,0.0416666666667,0.0416666666667,0.0416666666667,0.0416666666667,0.0416666666667,0.0416666666667,0.0416666666667,0.0416666666667,0.0416666666667
renkli_kalemler,0.0416666666667,0.0416666666667,0.0416666666667,0.0416666666667,0.0416666666667,0.0416666666667,0.0416666666667,0.0416666666667,0.0416666666667,0.0416666666667,0.0416666666667,0.0416666666667,0.0416666666667,0.0416666666667,0.0416666666667,0.0416666666667,0.0416666666667,0.0416666666667,0.0416666666667,0.0416666666667,0.0416666666667,0.0416666666667,0.0416666666667,0.0416666666667
pet_şişe,0.0416666666667,0.0416666666667,0.0416666666667,0.0416666666667,0.0416666666667,0.0416666666667,0.0416666666667,0.0416666666667,0.0416666666667,0.0416666666667,0.0416666666667,0.0416666666667,0.0416666666667,0.0416666666667,0.0416666666667,0.0416666666667,0.0416666666667,0.0416666666667,0.0416666666667,0.0416666666667,0.0416666666667,0.0416666666667,0.0416666666667,0.0416666666667
taş_bina,0.0406878686696,0.0406878686696,0.0406878686696,0.0406878686696,0.0406878686696,0.0406878686696,0.0641790205988,0.0406878686696,0.0406878686696,0.0406878686696,0.0406878686696,0.0406878686696,0.0406878686696,0.0406878686696,0.0406878686696,0.0406878686696,0.0406878686696,0.0406878686696,0.0406878686696,0.0406878686696,0.0406878686696,0.0406878686696,0.0406878686696,0.0406878686696
eski_ankara,0.0375314566132,0.0375314566132,0.0375314566132,0.0543160342696,0.0878851895823,0.0543160342696,0.0375314566132,0.0375314566132,0.0375314566132,0.0375314566132,0.0528536096142,0.0375314566132,0.0375314566132,0.0375314566132,0.0375314566132,0.0375314566132,0.0375314566132,0.0375314566132,0.0375314566132,0.0375314566132,0.0375314566132,0.0375314566132,0.0375314566132,0.0375314566132
eski_otomobil,0.0408163265306,0.0408163265306,0.0408163265306,0.0408163265306,0.0408163265306,0.0408163265306,0.0408163265306,0.0408163265306,0.0408163265306,0.0408163265306,0.0408163265306,0.0408163265306,0.0408163265306,0.0408163265306,0.0408163265306,0.0408163265306,0.0408163265306,0.0408163265306,0.0408163265306,0.0408163265306,0.0408163265306,0.0408163265306,0.0408163265306,0.0612244897959
büyük_ağaç,0.0408163265306,0.0408163265306,0.0408163265306,0.0408163265306,0.0408163265306,0.0408163265306,0.0408163265306,0.0408163265306,0.0408163265306,0.0408163265306,0.0408163265306,0.0408163265306,0.0408163265306,0.0408163265306,0.0408163265306,0.0408163265306,0.0408163265306,0.0408163265306,0.0408163265306,0.0408163265306,0.0408163265306,0.0408163265306,0.0408163265306,0.0612244897959
klasik_müzik,0.0416666666667,0.0416666666667,0.0416666666667,0.0416666666667,0.0416666666667,0.0416666666667,0.0416666666667,0.0416666666667,0.0416666666667,0.0416666666667,0.0416666666667,0.0416666666667,0.0416666666667,0.0416666666667,0.0416666666667,0.0416666666667,0.0416666666667,0.0416666666667,0.0416666666667,0.0416666666667,0.0416666666667,0.0416666666667,0.0416666666667,0.0416666666667
Çifte_minare,0.0408163265306,0.0408163265306,0.0408163265306,0.0408163265306,0.0408163265306,0.0408163265306,0.0408163265306,0.0408163265306,0.0408163265306,0.0408163265306,0.0408163265306,0.0408163265306,0.0408163265306,0.0612244897959,0.0408163265306,0.0408163265306,0.0408163265306,0.0408163265306,0.0408163265306,0.0408163265306,0.0408163265306,0.0408163265306,0.0408163265306,0.0408163265306
gizli_cennet,0.04,0.04,0.08,0.04,0.04,0.04,0.04,0.04,0.04,0.04,0.04,0.04,0.04,0.04,0.04,0.04,0.04,0.04,0.04,0.04,0.04,0.04,0.04,0.04
süper_baba,0.0416666666667,0.0416666666667,0.0416666666667,0.0416666666667,0.0416666666667,0.0416666666667,0.0416666666667,0.0416666666667,0.0416666666667,0.0416666666667,0.0416666666667,0.0416666666667,0.0416666666667,0.0416666666667,0.0416666666667,0.0416666666667,0.0416666666667,0.0416666666667,0.0416666666667,0.0416666666667,0.0416666666667,0.0416666666667,0.0416666666667,0.0416666666667
doğal_taş,0.0398766213043,0.0398766213043,0.0598149319565,0.0398766213043,0.0398766213043,0.0398766213043,0.0628993993487,0.0398766213043,0.0398766213043,0.0398766213043,0.0398766213043,0.0398766213043,0.0398766213043,0.0398766213043,0.0398766213043,0.0398766213043,0.0398766213043,0.0398766213043,0.0398766213043,0.0398766213043,0.0398766213043,0.0398766213043,0.0398766213043,0.0398766213043
sağlıklı_diyet,0.0416666666667,0.0416666666667,0.0416666666667,0.0416666666667,0.0416666666667,0.0416666666667,0.0416666666667,0.0416666666667,0.0416666666667,0.0416666666667,0.0416666666667,0.0416666666667,0.0416666666667,0.0416666666667,0.0416666666667,0.0416666666667,0.0416666666667,0.0416666666667,0.0416666666667,0.0416666666667,0.0416666666667,0.0416666666667,0.0416666666667,0.0416666666667
yalan_roman,0.0416666666667,0.0416666666667,0.0416666666667,0.0416666666667,0.0416666666667,0.0416666666667,0.0416666666667,0.0416666666667,0.0416666666667,0.0416666666667,0.0416666666667,0.0416666666667,0.0416666666667,0.0416666666667,0.0416666666667,0.0416666666667,0.0416666666667,0.0416666666667,0.0416666666667,0.0416666666667,0.0416666666667,0.0416666666667,0.0416666666667,0.0416666666667
büyük_camii,0.0387767108927,0.0387767108927,0.0775534217854,0.0387767108927,0.0387767108927,0.0387767108927,0.0387767108927,0.0387767108927,0.0499705831288,0.0387767108927,0.0387767108927,0.0387767108927,0.0387767108927,0.0387767108927,0.0387767108927,0.0387767108927,0.0387767108927,0.0387767108927,0.0387767108927,0.0387767108927,0.0387767108927,0.0387767108927,0.0387767108927,0.0581650663391
güzel_fikir,0.0406878686696,0.0406878686696,0.0406878686696,0.0406878686696,0.0406878686696,0.0406878686696,0.0641790205988,0.0406878686696,0.0406878686696,0.0406878686696,0.0406878686696,0.0406878686696,0.0406878686696,0.0406878686696,0.0406878686696,0.0406878686696,0.0406878686696,0.0406878686696,0.0406878686696,0.0406878686696,0.0406878686696,0.0406878686696,0.0406878686696,0.0406878686696
taş_sokak,0.0401398940669,0.0767824364608,0.0401398940669,0.0401398940669,0.0401398940669,0.0401398940669,0.0401398940669,0.0401398940669,0.0401398940669,0.0401398940669,0.0401398940669,0.0401398940669,0.0401398940669,0.0401398940669,0.0401398940669,0.0401398940669,0.0401398940669,0.0401398940669,0.0401398940669,0.0401398940669,0.0401398940669,0.0401398940669,0.0401398940669,0.0401398940669
eski_araba,0.0408163265306,0.0408163265306,0.0408163265306,0.0408163265306,0.0408163265306,0.0408163265306,0.0408163265306,0.0408163265306,0.0408163265306,0.0408163265306,0.0408163265306,0.0408163265306,0.0408163265306,0.0408163265306,0.0408163265306,0.0408163265306,0.0408163265306,0.0408163265306,0.0408163265306,0.0408163265306,0.0408163265306,0.0408163265306,0.0408163265306,0.0612244897959
perili_köşk,0.0416666666667,0.0416666666667,0.0416666666667,0.0416666666667,0.0416666666667,0.0416666666667,0.0416666666667,0.0416666666667,0.0416666666667,0.0416666666667,0.0416666666667,0.0416666666667,0.0416666666667,0.0416666666667,0.0416666666667,0.0416666666667,0.0416666666667,0.0416666666667,0.0416666666667,0.0416666666667,0.0416666666667,0.0416666666667,0.0416666666667,0.0416666666667
tek_Çocuk,0.039422810002,0.039422810002,0.039422810002,0.039422810002,0.039422810002,0.039422810002,0.039422810002,0.039422810002,0.039422810002,0.039422810002,0.039422810002,0.039422810002,0.039422810002,0.059134215003,0.039422810002,0.039422810002,0.039422810002,0.039422810002,0.039422810002,0.039422810002,0.039422810002,0.039422810002,0.039422810002,0.0735639649524
Çok_moda,0.0416666666667,0.0416666666667,0.0416666666667,0.0416666666667,0.0416666666667,0.0416666666667,0.0416666666667,0.0416666666667,0.0416666666667,0.0416666666667,0.0416666666667,0.0416666666667,0.0416666666667,0.0416666666667,0.0416666666667,0.0416666666667,0.0416666666667,0.0416666666667,0.0416666666667,0.0416666666667,0.0416666666667,0.0416666666667,0.0416666666667,0.0416666666667
farklı_hediyeler,0.0416666666667,0.0416666666667,0.0416666666667,0.0416666666667,0.0416666666667,0.0416666666667,0.0416666666667,0.0416666666667,0.0416666666667,0.0416666666667,0.0416666666667,0.0416666666667,0.0416666666667,0.0416666666667,0.0416666666667,0.0416666666667,0.0416666666667,0.0416666666667,0.0416666666667,0.0416666666667,0.0416666666667,0.0416666666667,0.0416666666667,0.0416666666667
mutlu_yıllar,0.0379989789646,0.0690250153679,0.0569984684469,0.0379989789646,0.0379989789646,0.0379989789646,0.0379989789646,0.0379989789646,0.0379989789646,0.0379989789646,0.0379989789646,0.0379989789646,0.0379989789646,0.0569984684469,0.0379989789646,0.0379989789646,0.0379989789646,0.0379989789646,0.0379989789646,0.0379989789646,0.0379989789646,0.0569984684469,0.0379989789646,0.0379989789646
son_haber,0.0365045481006,0.0365045481006,0.0547568221509,0.0365045481006,0.0365045481006,0.0365045481006,0.066310386813,0.0575804587731,0.0365045481006,0.0365045481006,0.0365045481006,0.0365045481006,0.0365045481006,0.0547568221509,0.0365045481006,0.0365045481006,0.0365045481006,0.0365045481006,0.0365045481006,0.0365045481006,0.0365045481006,0.0547568221509,0.0365045481006,0.0547568221509
bir_dakika,0.04,0.04,0.04,0.04,0.04,0.04,0.04,0.04,0.04,0.06,0.04,0.04,0.04,0.04,0.04,0.04,0.04,0.04,0.04,0.04,0.04,0.04,0.04,0.06
kılıç_dövmesi,0.0416666666667,0.0416666666667,0.0416666666667,0.0416666666667,0.0416666666667,0.0416666666667,0.0416666666667,0.0416666666667,0.0416666666667,0.0416666666667,0.0416666666667,0.0416666666667,0.0416666666667,0.0416666666667,0.0416666666667,0.0416666666667,0.0416666666667,0.0416666666667,0.0416666666667,0.0416666666667,0.0416666666667,0.0416666666667,0.0416666666667,0.0416666666667
ilginc_hediye,0.0404741845679,0.0404741845679,0.0404741845679,0.0404741845679,0.0404741845679,0.0404741845679,0.0404741845679,0.0404741845679,0.0404741845679,0.0404741845679,0.0404741845679,0.0404741845679,0.0404741845679,0.0404741845679,0.0404741845679,0.0404741845679,0.0404741845679,0.0404741845679,0.0404741845679,0.0404741845679,0.0404741845679,0.0404741845679,0.0404741845679,0.0690937549388
eski_gökyüzü,0.0397546021926,0.0397546021926,0.0397546021926,0.0397546021926,0.0397546021926,0.0397546021926,0.0397546021926,0.0397546021926,0.0397546021926,0.0397546021926,0.0397546021926,0.0397546021926,0.0575334007768,0.0678653509863,0.0397546021926,0.0397546021926,0.0397546021926,0.0397546021926,0.0397546021926,0.0397546021926,0.0397546021926,0.0397546021926,0.0397546021926,0.0397546021926
eski_hayat,0.0358598109949,0.0565634825258,0.0717196219897,0.0358598109949,0.0358598109949,0.0358598109949,0.0565634825258,0.0358598109949,0.0358598109949,0.0358598109949,0.0358598109949,0.0358598109949,0.0358598109949,0.0612165265214,0.0358598109949,0.0358598109949,0.0358598109949,0.0565634825258,0.0358598109949,0.0358598109949,0.0518968060038,0.0358598109949,0.0358598109949,0.0358598109949
kişisel_gelişim,0.0337028393626,0.128030658617,0.0337028393626,0.0337028393626,0.0337028393626,0.0337028393626,0.0337028393626,0.0337028393626,0.0337028393626,0.0337028393626,0.0337028393626,0.0337028393626,0.0337028393626,0.0337028393626,0.0337028393626,0.0337028393626,0.0337028393626,0.0337028393626,0.0337028393626,0.0337028393626,0.0337028393626,0.130506875405,0.0337028393626,0.0337028393626
iç_dekorasyon,0.0416666666667,0.0416666666667,0.0416666666667,0.0416666666667,0.0416666666667,0.0416666666667,0.0416666666667,0.0416666666667,0.0416666666667,0.0416666666667,0.0416666666667,0.0416666666667,0.0416666666667,0.0416666666667,0.0416666666667,0.0416666666667,0.0416666666667,0.0416666666667,0.0416666666667,0.0416666666667,0.0416666666667,0.0416666666667,0.0416666666667,0.0416666666667
eski_samsun,0.0416666666667,0.0416666666667,0.0416666666667,0.0416666666667,0.0416666666667,0.0416666666667,0.0416666666667,0.0416666666667,0.0416666666667,0.0416666666667,0.0416666666667,0.0416666666667,0.0416666666667,0.0416666666667,0.0416666666667,0.0416666666667,0.0416666666667,0.0416666666667,0.0416666666667,0.0416666666667,0.0416666666667,0.0416666666667,0.0416666666667,0.0416666666667
eski_kitaplar,0.0406878686696,0.0406878686696,0.0406878686696,0.0406878686696,0.0406878686696,0.0406878686696,0.0641790205988,0.0406878686696,0.0406878686696,0.0406878686696,0.0406878686696,0.0406878686696,0.0406878686696,0.0406878686696,0.0406878686696,0.0406878686696,0.0406878686696,0.0406878686696,0.0406878686696,0.0406878686696,0.0406878686696,0.0406878686696,0.0406878686696,0.0406878686696
ilginç_hediyeler,0.0416666666667,0.0416666666667,0.0416666666667,0.0416666666667,0.0416666666667,0.0416666666667,0.0416666666667,0.0416666666667,0.0416666666667,0.0416666666667,0.0416666666667,0.0416666666667,0.0416666666667,0.0416666666667,0.0416666666667,0.0416666666667,0.0416666666667,0.0416666666667,0.0416666666667,0.0416666666667,0.0416666666667,0.0416666666667,0.0416666666667,0.0416666666667
ünlü_oyuncu,0.0390320402034,0.0746632550114,0.0390320402034,0.0390320402034,0.0390320402034,0.0390320402034,0.0390320402034,0.0390320402034,0.0390320402034,0.0390320402034,0.0390320402034,0.0390320402034,0.0390320402034,0.0390320402034,0.0390320402034,0.0390320402034,0.0390320402034,0.0390320402034,0.0390320402034,0.0390320402034,0.0390320402034,0.0390320402034,0.0390320402034,0.0666318605147
eski_antep,0.0416666666667,0.0416666666667,0.0416666666667,0.0416666666667,0.0416666666667,0.0416666666667,0.0416666666667,0.0416666666667,0.0416666666667,0.0416666666667,0.0416666666667,0.0416666666667,0.0416666666667,0.0416666666667,0.0416666666667,0.0416666666667,0.0416666666667,0.0416666666667,0.0416666666667,0.0416666666667,0.0416666666667,0.0416666666667,0.0416666666667,0.0416666666667
kuru_dal,0.0416666666667,0.0416666666667,0.0416666666667,0.0416666666667,0.0416666666667,0.0416666666667,0.0416666666667,0.0416666666667,0.0416666666667,0.0416666666667,0.0416666666667,0.0416666666667,0.0416666666667,0.0416666666667,0.0416666666667,0.0416666666667,0.0416666666667,0.0416666666667,0.0416666666667,0.0416666666667,0.0416666666667,0.0416666666667,0.0416666666667,0.0416666666667
hayvan_balık,0.0416666666667,0.0416666666667,0.0416666666667,0.0416666666667,0.0416666666667,0.0416666666667,0.0416666666667,0.0416666666667,0.0416666666667,0.0416666666667,0.0416666666667,0.0416666666667,0.0416666666667,0.0416666666667,0.0416666666667,0.0416666666667,0.0416666666667,0.0416666666667,0.0416666666667,0.0416666666667,0.0416666666667,0.0416666666667,0.0416666666667,0.0416666666667
eski_yeni,0.0371294313508,0.0522874582257,0.0556941470263,0.0537342178441,0.0371294313508,0.0371294313508,0.0585661185361,0.0371294313508,0.0371294313508,0.0371294313508,0.0371294313508,0.0371294313508,0.0371294313508,0.0556941470263,0.0371294313508,0.0371294313508,0.0371294313508,0.0371294313508,0.0371294313508,0.0371294313508,0.0371294313508,0.0371294313508,0.0371294313508,0.0556941470263
tarihi_çarşı,0.040904457111,0.040904457111,0.040904457111,0.0591974864475,0.040904457111,0.040904457111,0.040904457111,0.040904457111,0.040904457111,0.040904457111,0.040904457111,0.040904457111,0.040904457111,0.040904457111,0.040904457111,0.040904457111,0.040904457111,0.040904457111,0.040904457111,0.040904457111,0.040904457111,0.040904457111,0.040904457111,0.040904457111
ilginç_davetiye,0.0416666666667,0.0416666666667,0.0416666666667,0.0416666666667,0.0416666666667,0.0416666666667,0.0416666666667,0.0416666666667,0.0416666666667,0.0416666666667,0.0416666666667,0.0416666666667,0.0416666666667,0.0416666666667,0.0416666666667,0.0416666666667,0.0416666666667,0.0416666666667,0.0416666666667,0.0416666666667,0.0416666666667,0.0416666666667,0.0416666666667,0.0416666666667
mutlu_son,0.0402957765106,0.0731971402572,0.0402957765106,0.0402957765106,0.0402957765106,0.0402957765106,0.0402957765106,0.0402957765106,0.0402957765106,0.0402957765106,0.0402957765106,0.0402957765106,0.0402957765106,0.0402957765106,0.0402957765106,0.0402957765106,0.0402957765106,0.0402957765106,0.0402957765106,0.0402957765106,0.0402957765106,0.0402957765106,0.0402957765106,0.0402957765106
genç_kız,0.0406878686696,0.0406878686696,0.0406878686696,0.0406878686696,0.0406878686696,0.0406878686696,0.0641790205988,0.0406878686696,0.0406878686696,0.0406878686696,0.0406878686696,0.0406878686696,0.0406878686696,0.0406878686696,0.0406878686696,0.0406878686696,0.0406878686696,0.0406878686696,0.0406878686696,0.0406878686696,0.0406878686696,0.0406878686696,0.0406878686696,0.0406878686696
taş_yol,0.0408163265306,0.0408163265306,0.0408163265306,0.0408163265306,0.0408163265306,0.0408163265306,0.0408163265306,0.0408163265306,0.0408163265306,0.0408163265306,0.0408163265306,0.0408163265306,0.0408163265306,0.0612244897959,0.0408163265306,0.0408163265306,0.0408163265306,0.0408163265306,0.0408163265306,0.0408163265306,0.0408163265306,0.0408163265306,0.0408163265306,0.0408163265306
güzel_İnsan,0.0399607363951,0.0399607363951,0.0399607363951,0.0578317209972,0.0399607363951,0.0399607363951,0.0630320783099,0.0399607363951,0.0399607363951,0.0399607363951,0.0399607363951,0.0399607363951,0.0399607363951,0.0399607363951,0.0399607363951,0.0399607363951,0.0399607363951,0.0399607363951,0.0399607363951,0.0399607363951,0.0399607363951,0.0399607363951,0.0399607363951,0.0399607363951
kuru_gül,0.0394999362097,0.0394999362097,0.0394999362097,0.0394999362097,0.0394999362097,0.0394999362097,0.0394999362097,0.0394999362097,0.0394999362097,0.0394999362097,0.0394999362097,0.0394999362097,0.0394999362097,0.0592499043146,0.0394999362097,0.0394999362097,0.0394999362097,0.0717514990718,0.0394999362097,0.0394999362097,0.0394999362097,0.0394999362097,0.0394999362097,0.0394999362097
özel_gün,0.0373640273866,0.0678716279975,0.05604604108,0.0373640273866,0.0373640273866,0.0540737284166,0.0373640273866,0.0373640273866,0.0373640273866,0.0373640273866,0.0373640273866,0.0373640273866,0.0373640273866,0.0373640273866,0.0373640273866,0.0373640273866,0.0373640273866,0.0373640273866,0.0373640273866,0.0373640273866,0.0373640273866,0.05604604108,0.0373640273866,0.05604604108
güzel_bahçe,0.0395499890707,0.0623841859071,0.0675160545384,0.0395499890707,0.0395499890707,0.0395499890707,0.0395499890707,0.0395499890707,0.0395499890707,0.0395499890707,0.0395499890707,0.0395499890707,0.0395499890707,0.0395499890707,0.0395499890707,0.0395499890707,0.0395499890707,0.0395499890707,0.0395499890707,0.0395499890707,0.0395499890707,0.0395499890707,0.0395499890707,0.0395499890707
satılık_yazlık,0.0416666666667,0.0416666666667,0.0416666666667,0.0416666666667,0.0416666666667,0.0416666666667,0.0416666666667,0.0416666666667,0.0416666666667,0.0416666666667,0.0416666666667,0.0416666666667,0.0416666666667,0.0416666666667,0.0416666666667,0.0416666666667,0.0416666666667,0.0416666666667,0.0416666666667,0.0416666666667,0.0416666666667,0.0416666666667,0.0416666666667,0.0416666666667
İlk_kitap,0.0416666666667,0.0416666666667,0.0416666666667,0.0416666666667,0.0416666666667,0.0416666666667,0.0416666666667,0.0416666666667,0.0416666666667,0.0416666666667,0.0416666666667,0.0416666666667,0.0416666666667,0.0416666666667,0.0416666666667,0.0416666666667,0.0416666666667,0.0416666666667,0.0416666666667,0.0416666666667,0.0416666666667,0.0416666666667,0.0416666666667,0.0416666666667
yalan_makinesi,0.0416666666667,0.0416666666667,0.0416666666667,0.0416666666667,0.0416666666667,0.0416666666667,0.0416666666667,0.0416666666667,0.0416666666667,0.0416666666667,0.0416666666667,0.0416666666667,0.0416666666667,0.0416666666667,0.0416666666667,0.0416666666667,0.0416666666667,0.0416666666667,0.0416666666667,0.0416666666667,0.0416666666667,0.0416666666667,0.0416666666667,0.0416666666667
genç_erkek,0.0393501388642,0.0752717366923,0.0393501388642,0.0393501388642,0.0393501388642,0.0393501388642,0.0393501388642,0.0393501388642,0.0393501388642,0.0393501388642,0.0393501388642,0.0393501388642,0.0393501388642,0.0393501388642,0.0393501388642,0.0393501388642,0.0393501388642,0.0393501388642,0.0393501388642,0.0393501388642,0.0393501388642,0.0393501388642,0.0393501388642,0.0590252082962
son_dizisi,0.0385888615756,0.0385888615756,0.0578832923635,0.0385888615756,0.0385888615756,0.0385888615756,0.0385888615756,0.0385888615756,0.0385888615756,0.0385888615756,0.0385888615756,0.0385888615756,0.0385888615756,0.0385888615756,0.0385888615756,0.0385888615756,0.0385888615756,0.0385888615756,0.0385888615756,0.0385888615756,0.0385888615756,0.0385888615756,0.0385888615756,0.0931617529724
gerçek_hayat,0.0385611862692,0.0543037246419,0.0385611862692,0.0385611862692,0.0558062730274,0.0385611862692,0.0608244975421,0.0385611862692,0.0385611862692,0.0385611862692,0.0385611862692,0.0385611862692,0.0385611862692,0.0385611862692,0.0385611862692,0.0385611862692,0.0385611862692,0.0385611862692,0.0385611862692,0.0385611862692,0.0385611862692,0.0385611862692,0.0385611862692,0.0578417794039
sıcak_kalpler,0.0416666666667,0.0416666666667,0.0416666666667,0.0416666666667,0.0416666666667,0.0416666666667,0.0416666666667,0.0416666666667,0.0416666666667,0.0416666666667,0.0416666666667,0.0416666666667,0.0416666666667,0.0416666666667,0.0416666666667,0.0416666666667,0.0416666666667,0.0416666666667,0.0416666666667,0.0416666666667,0.0416666666667,0.0416666666667,0.0416666666667,0.0416666666667
eski_zamanlar,0.0408163265306,0.0408163265306,0.0408163265306,0.0408163265306,0.0408163265306,0.0408163265306,0.0408163265306,0.0408163265306,0.0408163265306,0.0408163265306,0.0408163265306,0.0408163265306,0.0408163265306,0.0612244897959,0.0408163265306,0.0408163265306,0.0408163265306,0.0408163265306,0.0408163265306,0.0408163265306,0.0408163265306,0.0408163265306,0.0408163265306,0.0408163265306
sihirli_bardak,0.0416666666667,0.0416666666667,0.0416666666667,0.0416666666667,0.0416666666667,0.0416666666667,0.0416666666667,0.0416666666667,0.0416666666667,0.0416666666667,0.0416666666667,0.0416666666667,0.0416666666667,0.0416666666667,0.0416666666667,0.0416666666667,0.0416666666667,0.0416666666667,0.0416666666667,0.0416666666667,0.0416666666667,0.0416666666667,0.0416666666667,0.0416666666667
karanlık_dünya,0.0391779465969,0.0391779465969,0.0391779465969,0.0391779465969,0.0391779465969,0.0391779465969,0.0391779465969,0.0391779465969,0.0391779465969,0.0391779465969,0.0391779465969,0.0391779465969,0.0391779465969,0.0391779465969,0.0391779465969,0.0391779465969,0.0391779465969,0.0617973446109,0.0391779465969,0.0391779465969,0.0566988569588,0.0391779465969,0.0391779465969,0.0587669198954
doğal_ışık,0.0400846369544,0.0400846369544,0.0601269554316,0.0400846369544,0.0580110315711,0.0400846369544,0.0400846369544,0.0400846369544,0.0400846369544,0.0400846369544,0.0400846369544,0.0400846369544,0.0400846369544,0.0400846369544,0.0400846369544,0.0400846369544,0.0400846369544,0.0400846369544,0.0400846369544,0.0400846369544,0.0400846369544,0.0400846369544,0.0400846369544,0.0400846369544
doğal_makyaj,0.0416666666667,0.0416666666667,0.0416666666667,0.0416666666667,0.0416666666667,0.0416666666667,0.0416666666667,0.0416666666667,0.0416666666667,0.0416666666667,0.0416666666667,0.0416666666667,0.0416666666667,0.0416666666667,0.0416666666667,0.0416666666667,0.0416666666667,0.0416666666667,0.0416666666667,0.0416666666667,0.0416666666667,0.0416666666667,0.0416666666667,0.0416666666667
tek_turkiye,0.0367678107127,0.0367678107127,0.0778754727814,0.0600218159987,0.0532108755402,0.0367678107127,0.0367678107127,0.0367678107127,0.0367678107127,0.0367678107127,0.0367678107127,0.0367678107127,0.0367678107127,0.0735356214254,0.0367678107127,0.0367678107127,0.0367678107127,0.0367678107127,0.0367678107127,0.0367678107127,0.0367678107127,0.0367678107127,0.0367678107127,0.0367678107127
ana_muhalefet,0.0394233539735,0.0394233539735,0.0394233539735,0.0394233539735,0.0394233539735,0.0394233539735,0.0394233539735,0.0394233539735,0.0771683417463,0.0394233539735,0.0555178708375,0.0394233539735,0.0394233539735,0.0394233539735,0.0394233539735,0.0394233539735,0.0394233539735,0.0394233539735,0.0394233539735,0.0394233539735,0.0394233539735,0.0394233539735,0.0394233539735,0.0394233539735
renkli_hayat,0.0398162796085,0.0560712076913,0.0679706409213,0.0398162796085,0.0398162796085,0.0398162796085,0.0398162796085,0.0398162796085,0.0398162796085,0.0398162796085,0.0398162796085,0.0398162796085,0.0398162796085,0.0398162796085,0.0398162796085,0.0398162796085,0.0398162796085,0.0398162796085,0.0398162796085,0.0398162796085,0.0398162796085,0.0398162796085,0.0398162796085,0.0398162796085
altın_Çağ,0.0382556656903,0.0538734758089,0.0382556656903,0.0382556656903,0.0382556656903,0.0553641194919,0.0603425845746,0.0382556656903,0.0382556656903,0.0382556656903,0.0382556656903,0.0382556656903,0.0382556656903,0.0382556656903,0.0382556656903,0.0653065063187,0.0382556656903,0.0382556656903,0.0382556656903,0.0382556656903,0.0382556656903,0.0382556656903,0.0382556656903,0.0382556656903
kucuk_beyoglu,0.0416666666667,0.0416666666667,0.0416666666667,0.0416666666667,0.0416666666667,0.0416666666667,0.0416666666667,0.0416666666667,0.0416666666667,0.0416666666667,0.0416666666667,0.0416666666667,0.0416666666667,0.0416666666667,0.0416666666667,0.0416666666667,0.0416666666667,0.0416666666667,0.0416666666667,0.0416666666667,0.0416666666667,0.0416666666667,0.0416666666667,0.0416666666667
değişik_oyunlar,0.0416666666667,0.0416666666667,0.0416666666667,0.0416666666667,0.0416666666667,0.0416666666667,0.0416666666667,0.0416666666667,0.0416666666667,0.0416666666667,0.0416666666667,0.0416666666667,0.0416666666667,0.0416666666667,0.0416666666667,0.0416666666667,0.0416666666667,0.0416666666667,0.0416666666667,0.0416666666667,0.0416666666667,0.0416666666667,0.0416666666667,0.0416666666667
özel_yazı,0.0416666666667,0.0416666666667,0.0416666666667,0.0416666666667,0.0416666666667,0.0416666666667,0.0416666666667,0.0416666666667,0.0416666666667,0.0416666666667,0.0416666666667,0.0416666666667,0.0416666666667,0.0416666666667,0.0416666666667,0.0416666666667,0.0416666666667,0.0416666666667,0.0416666666667,0.0416666666667,0.0416666666667,0.0416666666667,0.0416666666667,0.0416666666667
güzel_insan,0.0342988454526,0.0685976909053,0.0514482681789,0.049637755449,0.0559913400015,0.0342988454526,0.0541012931076,0.0342988454526,0.0342988454526,0.0342988454526,0.0342988454526,0.0342988454526,0.0342988454526,0.0342988454526,0.0342988454526,0.0342988454526,0.0342988454526,0.0342988454526,0.0342988454526,0.0342988454526,0.0559913400015,0.0514482681789,0.0342988454526,0.0640025169351
garip_olaylar,0.0404741845679,0.0404741845679,0.0404741845679,0.0404741845679,0.0404741845679,0.0404741845679,0.0404741845679,0.0404741845679,0.0404741845679,0.0404741845679,0.0404741845679,0.0404741845679,0.0404741845679,0.0404741845679,0.0404741845679,0.0404741845679,0.0404741845679,0.0404741845679,0.0404741845679,0.0404741845679,0.0404741845679,0.0404741845679,0.0404741845679,0.0690937549388
satılık_emlak,0.0416666666667,0.0416666666667,0.0416666666667,0.0416666666667,0.0416666666667,0.0416666666667,0.0416666666667,0.0416666666667,0.0416666666667,0.0416666666667,0.0416666666667,0.0416666666667,0.0416666666667,0.0416666666667,0.0416666666667,0.0416666666667,0.0416666666667,0.0416666666667,0.0416666666667,0.0416666666667,0.0416666666667,0.0416666666667,0.0416666666667,0.0416666666667
klasik_gitar,0.0416666666667,0.0416666666667,0.0416666666667,0.0416666666667,0.0416666666667,0.0416666666667,0.0416666666667,0.0416666666667,0.0416666666667,0.0416666666667,0.0416666666667,0.0416666666667,0.0416666666667,0.0416666666667,0.0416666666667,0.0416666666667,0.0416666666667,0.0416666666667,0.0416666666667,0.0416666666667,0.0416666666667,0.0416666666667,0.0416666666667,0.0416666666667
doğal_ürün,0.0416666666667,0.0416666666667,0.0416666666667,0.0416666666667,0.0416666666667,0.0416666666667,0.0416666666667,0.0416666666667,0.0416666666667,0.0416666666667,0.0416666666667,0.0416666666667,0.0416666666667,0.0416666666667,0.0416666666667,0.0416666666667,0.0416666666667,0.0416666666667,0.0416666666667,0.0416666666667,0.0416666666667,0.0416666666667,0.0416666666667,0.0416666666667
son_gün,0.037483595012,0.0527862085961,0.0562253925181,0.037483595012,0.037483595012,0.0542467683096,0.037483595012,0.037483595012,0.037483595012,0.037483595012,0.037483595012,0.037483595012,0.037483595012,0.037483595012,0.037483595012,0.037483595012,0.037483595012,0.037483595012,0.037483595012,0.037483595012,0.037483595012,0.037483595012,0.037483595012,0.0870697303353
altın_kitaplar,0.0374289749565,0.0527092899963,0.0374289749565,0.0374289749565,0.0374289749565,0.0541677214227,0.0590386037231,0.0590386037231,0.0374289749565,0.0374289749565,0.0374289749565,0.0374289749565,0.0374289749565,0.0374289749565,0.0374289749565,0.0638952569611,0.0374289749565,0.0374289749565,0.0374289749565,0.0374289749565,0.0374289749565,0.0374289749565,0.0374289749565,0.0374289749565
son_haberler,0.04,0.04,0.06,0.04,0.04,0.04,0.04,0.04,0.04,0.06,0.04,0.04,0.04,0.04,0.04,0.04,0.04,0.04,0.04,0.04,0.04,0.04,0.04,0.04
kuru_ağaç,0.0416666666667,0.0416666666667,0.0416666666667,0.0416666666667,0.0416666666667,0.0416666666667,0.0416666666667,0.0416666666667,0.0416666666667,0.0416666666667,0.0416666666667,0.0416666666667,0.0416666666667,0.0416666666667,0.0416666666667,0.0416666666667,0.0416666666667,0.0416666666667,0.0416666666667,0.0416666666667,0.0416666666667,0.0416666666667,0.0416666666667,0.0416666666667
ilginç_hediye,0.0404741845679,0.0404741845679,0.0404741845679,0.0404741845679,0.0404741845679,0.0404741845679,0.0404741845679,0.0404741845679,0.0404741845679,0.0404741845679,0.0404741845679,0.0404741845679,0.0404741845679,0.0404741845679,0.0404741845679,0.0404741845679,0.0404741845679,0.0404741845679,0.0404741845679,0.0404741845679,0.0404741845679,0.0404741845679,0.0404741845679,0.0690937549388
güzel_deniz,0.0390970913514,0.0616698075676,0.058645637027,0.0390970913514,0.0390970913514,0.0390970913514,0.0390970913514,0.0390970913514,0.0390970913514,0.0390970913514,0.0390970913514,0.0390970913514,0.0390970913514,0.058645637027,0.0390970913514,0.0390970913514,0.0390970913514,0.0390970913514,0.0390970913514,0.0390970913514,0.0390970913514,0.0390970913514,0.0390970913514,0.0390970913514
son_gece,0.0359539548974,0.0506320955197,0.0539309323461,0.0359539548974,0.0520330523395,0.0359539548974,0.0359539548974,0.0359539548974,0.0359539548974,0.0359539548974,0.106347844397,0.0359539548974,0.0359539548974,0.0359539548974,0.0359539548974,0.0359539548974,0.0359539548974,0.0359539548974,0.0359539548974,0.0359539548974,0.0359539548974,0.0359539548974,0.0359539548974,0.0539309323461
ucuz_bilet,0.0397546021926,0.0397546021926,0.0678653509863,0.0397546021926,0.0397546021926,0.0575334007768,0.0397546021926,0.0397546021926,0.0397546021926,0.0397546021926,0.0397546021926,0.0397546021926,0.0397546021926,0.0397546021926,0.0397546021926,0.0397546021926,0.0397546021926,0.0397546021926,0.0397546021926,0.0397546021926,0.0397546021926,0.0397546021926,0.0397546021926,0.0397546021926
büyük_mecidiye,0.040341002275,0.040341002275,0.040341002275,0.040341002275,0.040341002275,0.040341002275,0.040341002275,0.040341002275,0.0519864465365,0.040341002275,0.040341002275,0.040341002275,0.040341002275,0.0605115034126,0.040341002275,0.040341002275,0.040341002275,0.040341002275,0.040341002275,0.040341002275,0.040341002275,0.040341002275,0.040341002275,0.040341002275
genç_dergi,0.0402326057986,0.0566574983368,0.0402326057986,0.0402326057986,0.0582251740941,0.0402326057986,0.0402326057986,0.0402326057986,0.0402326057986,0.0402326057986,0.0402326057986,0.0402326057986,0.0402326057986,0.0402326057986,0.0402326057986,0.0402326057986,0.0402326057986,0.0402326057986,0.0402326057986,0.0402326057986,0.0402326057986,0.0402326057986,0.0402326057986,0.0402326057986
bir_kaç,0.0346352819894,0.0591261247524,0.0519529229841,0.0346352819894,0.0346352819894,0.0346352819894,0.0346352819894,0.0346352819894,0.0346352819894,0.0346352819894,0.0346352819894,0.0501246509791,0.0346352819894,0.0646303160595,0.0346352819894,0.0346352819894,0.0346352819894,0.0546319713695,0.0346352819894,0.0346352819894,0.0614636560566,0.0519529229841,0.0346352819894,0.0519529229841
mikro_makro,0.040904457111,0.040904457111,0.040904457111,0.040904457111,0.040904457111,0.040904457111,0.040904457111,0.040904457111,0.040904457111,0.040904457111,0.040904457111,0.0591974864475,0.040904457111,0.040904457111,0.040904457111,0.040904457111,0.040904457111,0.040904457111,0.040904457111,0.040904457111,0.040904457111,0.040904457111,0.040904457111,0.040904457111
güzel_hayat,0.0326920497287,0.0625356715412,0.0893163408624,0.0473123788321,0.0473123788321,0.0326920497287,0.0515668134399,0.0326920497287,0.0326920497287,0.0326920497287,0.0326920497287,0.0326920497287,0.0326920497287,0.0326920497287,0.0326920497287,0.0326920497287,0.0326920497287,0.0515668134399,0.0326920497287,0.0326920497287,0.0619327079356,0.0490380745931,0.0326920497287,0.0490380745931
sahte_hesap,0.0406878686696,0.0406878686696,0.0406878686696,0.0406878686696,0.0406878686696,0.0406878686696,0.0641790205988,0.0406878686696,0.0406878686696,0.0406878686696,0.0406878686696,0.0406878686696,0.0406878686696,0.0406878686696,0.0406878686696,0.0406878686696,0.0406878686696,0.0406878686696,0.0406878686696,0.0406878686696,0.0406878686696,0.0406878686696,0.0406878686696,0.0406878686696
kutlu_doğum,0.039439234217,0.0555402341633,0.0591588513255,0.039439234217,0.039439234217,0.0570769959549,0.039439234217,0.039439234217,0.039439234217,0.039439234217,0.039439234217,0.039439234217,0.039439234217,0.039439234217,0.039439234217,0.039439234217,0.039439234217,0.039439234217,0.039439234217,0.039439234217,0.039439234217,0.039439234217,0.039439234217,0.039439234217
teknik_Üniversitesi,0.0416666666667,0.0416666666667,0.0416666666667,0.0416666666667,0.0416666666667,0.0416666666667,0.0416666666667,0.0416666666667,0.0416666666667,0.0416666666667,0.0416666666667,0.0416666666667,0.0416666666667,0.0416666666667,0.0416666666667,0.0416666666667,0.0416666666667,0.0416666666667,0.0416666666667,0.0416666666667,0.0416666666667,0.0416666666667,0.0416666666667,0.0416666666667
altın_fiyatları,0.0416666666667,0.0416666666667,0.0416666666667,0.0416666666667,0.0416666666667,0.0416666666667,0.0416666666667,0.0416666666667,0.0416666666667,0.0416666666667,0.0416666666667,0.0416666666667,0.0416666666667,0.0416666666667,0.0416666666667,0.0416666666667,0.0416666666667,0.0416666666667,0.0416666666667,0.0416666666667,0.0416666666667,0.0416666666667,0.0416666666667,0.0416666666667
altın_tapınak,0.0416666666667,0.0416666666667,0.0416666666667,0.0416666666667,0.0416666666667,0.0416666666667,0.0416666666667,0.0416666666667,0.0416666666667,0.0416666666667,0.0416666666667,0.0416666666667,0.0416666666667,0.0416666666667,0.0416666666667,0.0416666666667,0.0416666666667,0.0416666666667,0.0416666666667,0.0416666666667,0.0416666666667,0.0416666666667,0.0416666666667,0.0416666666667
modern_yapılar,0.0416666666667,0.0416666666667,0.0416666666667,0.0416666666667,0.0416666666667,0.0416666666667,0.0416666666667,0.0416666666667,0.0416666666667,0.0416666666667,0.0416666666667,0.0416666666667,0.0416666666667,0.0416666666667,0.0416666666667,0.0416666666667,0.0416666666667,0.0416666666667,0.0416666666667,0.0416666666667,0.0416666666667,0.0416666666667,0.0416666666667,0.0416666666667
bizans_mimarisi,0.0416666666667,0.0416666666667,0.0416666666667,0.0416666666667,0.0416666666667,0.0416666666667,0.0416666666667,0.0416666666667,0.0416666666667,0.0416666666667,0.0416666666667,0.0416666666667,0.0416666666667,0.0416666666667,0.0416666666667,0.0416666666667,0.0416666666667,0.0416666666667,0.0416666666667,0.0416666666667,0.0416666666667,0.0416666666667,0.0416666666667,0.0416666666667
akıllı_saat,0.0416666666667,0.0416666666667,0.0416666666667,0.0416666666667,0.0416666666667,0.0416666666667,0.0416666666667,0.0416666666667,0.0416666666667,0.0416666666667,0.0416666666667,0.0416666666667,0.0416666666667,0.0416666666667,0.0416666666667,0.0416666666667,0.0416666666667,0.0416666666667,0.0416666666667,0.0416666666667,0.0416666666667,0.0416666666667,0.0416666666667,0.0416666666667
yaşlı_kadın,0.0377219243105,0.0531218354233,0.0565828864658,0.0545916817106,0.0377219243105,0.0377219243105,0.0377219243105,0.0377219243105,0.0377219243105,0.0377219243105,0.0377219243105,0.0377219243105,0.0545916817106,0.0643953527899,0.0377219243105,0.0377219243105,0.0377219243105,0.0377219243105,0.0377219243105,0.0377219243105,0.0377219243105,0.0377219243105,0.0377219243105,0.0377219243105
dim_mağarası,0.0416666666667,0.0416666666667,0.0416666666667,0.0416666666667,0.0416666666667,0.0416666666667,0.0416666666667,0.0416666666667,0.0416666666667,0.0416666666667,0.0416666666667,0.0416666666667,0.0416666666667,0.0416666666667,0.0416666666667,0.0416666666667,0.0416666666667,0.0416666666667,0.0416666666667,0.0416666666667,0.0416666666667,0.0416666666667,0.0416666666667,0.0416666666667
deli_kedi,0.0408163265306,0.0408163265306,0.0408163265306,0.0408163265306,0.0408163265306,0.0408163265306,0.0408163265306,0.0408163265306,0.0408163265306,0.0408163265306,0.0408163265306,0.0408163265306,0.0408163265306,0.0612244897959,0.0408163265306,0.0408163265306,0.0408163265306,0.0408163265306,0.0408163265306,0.0408163265306,0.0408163265306,0.0408163265306,0.0408163265306,0.0408163265306
genç_adam,0.0416666666667,0.0416666666667,0.0416666666667,0.0416666666667,0.0416666666667,0.0416666666667,0.0416666666667,0.0416666666667,0.0416666666667,0.0416666666667,0.0416666666667,0.0416666666667,0.0416666666667,0.0416666666667,0.0416666666667,0.0416666666667,0.0416666666667,0.0416666666667,0.0416666666667,0.0416666666667,0.0416666666667,0.0416666666667,0.0416666666667,0.0416666666667
yabancı_filmler,0.0416666666667,0.0416666666667,0.0416666666667,0.0416666666667,0.0416666666667,0.0416666666667,0.0416666666667,0.0416666666667,0.0416666666667,0.0416666666667,0.0416666666667,0.0416666666667,0.0416666666667,0.0416666666667,0.0416666666667,0.0416666666667,0.0416666666667,0.0416666666667,0.0416666666667,0.0416666666667,0.0416666666667,0.0416666666667,0.0416666666667,0.0416666666667
sihirli_kupa,0.0416666666667,0.0416666666667,0.0416666666667,0.0416666666667,0.0416666666667,0.0416666666667,0.0416666666667,0.0416666666667,0.0416666666667,0.0416666666667,0.0416666666667,0.0416666666667,0.0416666666667,0.0416666666667,0.0416666666667,0.0416666666667,0.0416666666667,0.0416666666667,0.0416666666667,0.0416666666667,0.0416666666667,0.0416666666667,0.0416666666667,0.0416666666667
sigara_yasak,0.0416666666667,0.0416666666667,0.0416666666667,0.0416666666667,0.0416666666667,0.0416666666667,0.0416666666667,0.0416666666667,0.0416666666667,0.0416666666667,0.0416666666667,0.0416666666667,0.0416666666667,0.0416666666667,0.0416666666667,0.0416666666667,0.0416666666667,0.0416666666667,0.0416666666667,0.0416666666667,0.0416666666667,0.0416666666667,0.0416666666667,0.0416666666667
guzel_istanbul,0.0402155142916,0.0402155142916,0.0402155142916,0.0402155142916,0.0402155142916,0.0402155142916,0.0402155142916,0.0402155142916,0.0402155142916,0.0402155142916,0.0402155142916,0.0402155142916,0.0402155142916,0.0402155142916,0.0402155142916,0.0402155142916,0.0402155142916,0.0402155142916,0.0402155142916,0.0402155142916,0.0402155142916,0.0402155142916,0.0402155142916,0.0750431712943
limonlu_Çayı,0.0416666666667,0.0416666666667,0.0416666666667,0.0416666666667,0.0416666666667,0.0416666666667,0.0416666666667,0.0416666666667,0.0416666666667,0.0416666666667,0.0416666666667,0.0416666666667,0.0416666666667,0.0416666666667,0.0416666666667,0.0416666666667,0.0416666666667,0.0416666666667,0.0416666666667,0.0416666666667,0.0416666666667,0.0416666666667,0.0416666666667,0.0416666666667
sanat_müzesi,0.0408163265306,0.0408163265306,0.0408163265306,0.0408163265306,0.0408163265306,0.0408163265306,0.0408163265306,0.0408163265306,0.0408163265306,0.0408163265306,0.0408163265306,0.0408163265306,0.0408163265306,0.0408163265306,0.0408163265306,0.0408163265306,0.0408163265306,0.0408163265306,0.0408163265306,0.0408163265306,0.0408163265306,0.0408163265306,0.0408163265306,0.0612244897959
güzel_kadın,0.0378669569068,0.0533260773291,0.0568004353603,0.0378669569068,0.0378669569068,0.0378669569068,0.0378669569068,0.0378669569068,0.0378669569068,0.0378669569068,0.0378669569068,0.0378669569068,0.0378669569068,0.0378669569068,0.0757339138137,0.0378669569068,0.0378669569068,0.0378669569068,0.0378669569068,0.0378669569068,0.0378669569068,0.0568004353603,0.0378669569068,0.0378669569068
tarihi_kent,0.0408163265306,0.0408163265306,0.0408163265306,0.0408163265306,0.0408163265306,0.0408163265306,0.0408163265306,0.0408163265306,0.0408163265306,0.0408163265306,0.0408163265306,0.0408163265306,0.0408163265306,0.0612244897959,0.0408163265306,0.0408163265306,0.0408163265306,0.0408163265306,0.0408163265306,0.0408163265306,0.0408163265306,0.0408163265306,0.0408163265306,0.0408163265306
tek_parça,0.0516763216218,0.0789267773111,0.0344508810812,0.0344508810812,0.0344508810812,0.0344508810812,0.0543411065472,0.0543411065472,0.0344508810812,0.0344508810812,0.0344508810812,0.0344508810812,0.0344508810812,0.0516763216218,0.0344508810812,0.0344508810812,0.0344508810812,0.0344508810812,0.0344508810812,0.0344508810812,0.0344508810812,0.0344508810812,0.0344508810812,0.0889225068893
canlı_heykel,0.0383411090388,0.118154492107,0.0383411090388,0.0383411090388,0.0383411090388,0.0383411090388,0.0383411090388,0.0383411090388,0.0383411090388,0.0383411090388,0.0383411090388,0.0383411090388,0.0383411090388,0.0383411090388,0.0383411090388,0.0383411090388,0.0383411090388,0.0383411090388,0.0383411090388,0.0383411090388,0.0383411090388,0.0383411090388,0.0383411090388,0.0383411090388
bozuk_para,0.0408163265306,0.0408163265306,0.0408163265306,0.0408163265306,0.0408163265306,0.0408163265306,0.0408163265306,0.0408163265306,0.0408163265306,0.0408163265306,0.0408163265306,0.0408163265306,0.0408163265306,0.0408163265306,0.0408163265306,0.0408163265306,0.0408163265306,0.0408163265306,0.0408163265306,0.0408163265306,0.0408163265306,0.0612244897959,0.0408163265306,0.0408163265306
tarihi_şehir,0.0392970332979,0.0392970332979,0.0392970332979,0.0392970332979,0.0392970332979,0.0568712008515,0.0392970332979,0.0392970332979,0.0392970332979,0.0589455499468,0.0392970332979,0.0392970332979,0.0392970332979,0.0589455499468,0.0392970332979,0.0392970332979,0.0392970332979,0.0392970332979,0.0392970332979,0.0392970332979,0.0392970332979,0.0392970332979,0.0392970332979,0.0392970332979
tarihi_yapı,0.0400846369544,0.0400846369544,0.0400846369544,0.0580110315711,0.0400846369544,0.0400846369544,0.0400846369544,0.0400846369544,0.0400846369544,0.0601269554316,0.0400846369544,0.0400846369544,0.0400846369544,0.0400846369544,0.0400846369544,0.0400846369544,0.0400846369544,0.0400846369544,0.0400846369544,0.0400846369544,0.0400846369544,0.0400846369544,0.0400846369544,0.0400846369544
sevimli_bebek,0.0383686438003,0.0540325770392,0.0383686438003,0.0383686438003,0.0383686438003,0.0383686438003,0.0383686438003,0.0383686438003,0.0383686438003,0.0383686438003,0.0383686438003,0.0383686438003,0.0383686438003,0.0383686438003,0.0383686438003,0.0383686438003,0.0383686438003,0.0383686438003,0.0605207906269,0.0605207906269,0.0383686438003,0.0383686438003,0.0383686438003,0.0575529657005
güzel_kız,0.0396713517613,0.0677232336105,0.0396713517613,0.0396713517613,0.0396713517613,0.0396713517613,0.0396713517613,0.0396713517613,0.0396713517613,0.0396713517613,0.0396713517613,0.0396713517613,0.0396713517613,0.0595070276419,0.0396713517613,0.0396713517613,0.0396713517613,0.0396713517613,0.0396713517613,0.0396713517613,0.0396713517613,0.0396713517613,0.0396713517613,0.0396713517613
son_yaprak,0.0396436120602,0.0396436120602,0.0396436120602,0.0396436120602,0.0396436120602,0.0396436120602,0.0396436120602,0.0396436120602,0.0396436120602,0.0396436120602,0.0396436120602,0.0396436120602,0.0396436120602,0.0881969226145,0.0396436120602,0.0396436120602,0.0396436120602,0.0396436120602,0.0396436120602,0.0396436120602,0.0396436120602,0.0396436120602,0.0396436120602,0.0396436120602
tek_türkiye,0.0355145497065,0.0738746476512,0.071029099413,0.0355145497065,0.0355145497065,0.0355145497065,0.0560188845397,0.0355145497065,0.0355145497065,0.0355145497065,0.0355145497065,0.0355145497065,0.0355145497065,0.0532718245597,0.0355145497065,0.0355145497065,0.0355145497065,0.0355145497065,0.0355145497065,0.0355145497065,0.0355145497065,0.0355145497065,0.0355145497065,0.071029099413
son_umut,0.0368599243086,0.0519079253943,0.0368599243086,0.0368599243086,0.0533441835886,0.0368599243086,0.0368599243086,0.0368599243086,0.0475004679196,0.055289886463,0.0519079253943,0.0368599243086,0.0368599243086,0.0368599243086,0.0368599243086,0.0368599243086,0.0368599243086,0.0368599243086,0.0368599243086,0.0368599243086,0.0368599243086,0.0368599243086,0.0581410115305,0.055289886463
